Crop_Type,Cumulative_GDD,Crop_Stage
Cotton,637.8,Vegetative
Maize,1382.6,Yielding
Groundnut,705.8,Flowering
Groundnut,1474.9,Yielding
Sugarcane,4205.0,Yielding
Groundnut,1523.6,Yielding
Groundnut,184.1,Vegetative
Rice,697.9,Flowering
Maize,685.7,Flowering
Maize,971.0,Flowering
Maize,1638.2,Yielding
Rice,1342.3,Yielding
Maize,946.8,Flowering
Groundnut,939.2,Flowering
Rice,1035.3,Flowering
Rice,438.8,Vegetative
Groundnut,104.0,Vegetative
Sugarcane,698.2,Vegetative
Maize,731.1,Flowering
Rice,561.5,Vegetative
Groundnut,1545.0,Yielding
Rice,28.0,Vegetative
Groundnut,1272.4,Yielding
Cotton,1707.7,Yielding
Rice,1479.6,Yielding
Sugarcane,2302.2,Flowering
Rice,1128.2,Flowering
Rice,773.7,Flowering
Rice,109.7,Vegetative
Sugarcane,1990.3,Flowering
Rice,9.5,Vegetative
Maize,1488.2,Yielding
Cotton,1114.6,Flowering
Rice,1313.1,Yielding
Sugarcane,3624.4,Yielding
Rice,800.0,Flowering
Groundnut,404.2,Vegetative
Groundnut,1107.7,Yielding
Sugarcane,2391.1,Flowering
Rice,117.3,Vegetative
Rice,168.1,Vegetative
Groundnut,928.0,Flowering
Cotton,416.6,Vegetative
Rice,828.3,Flowering
Maize,1615.1,Yielding
Groundnut,32.2,Vegetative
Sugarcane,3737.2,Yielding
Maize,133.7,Vegetative
Sugarcane,155.2,Vegetative
Maize,1290.0,Yielding
Cotton,626.1,Vegetative
Rice,1757.8,Yielding
Cotton,341.2,Vegetative
Groundnut,1456.6,Yielding
Cotton,1961.9,Yielding
Cotton,1458.5,Yielding
Groundnut,1373.1,Yielding
Rice,823.2,Flowering
Cotton,1857.4,Yielding
Sugarcane,1059.8,Vegetative
Maize,202.4,Vegetative
Groundnut,1502.0,Yielding
Groundnut,233.9,Vegetative
Cotton,586.1,Vegetative
Rice,1189.3,Flowering
Sugarcane,1255.9,Vegetative
Cotton,36.7,Vegetative
Sugarcane,3070.8,Yielding
Maize,1416.4,Yielding
Cotton,1497.0,Yielding
Maize,1608.9,Yielding
Groundnut,152.1,Vegetative
Maize,951.7,Flowering
Sugarcane,560.8,Vegetative
Maize,1693.0,Yielding
Groundnut,590.1,Flowering
Cotton,1026.5,Flowering
Rice,206.9,Vegetative
Maize,1585.8,Yielding
Sugarcane,1185.4,Vegetative
Sugarcane,3982.5,Yielding
Cotton,1220.9,Flowering
Rice,538.0,Vegetative
Maize,239.7,Vegetative
Sugarcane,3044.0,Yielding
Groundnut,1450.7,Yielding
Groundnut,1041.6,Yielding
Rice,1729.8,Yielding
Maize,1157.8,Yielding
Cotton,1609.0,Yielding
Groundnut,1102.0,Yielding
Maize,341.9,Vegetative
Sugarcane,876.9,Vegetative
Sugarcane,2433.7,Flowering
Groundnut,856.2,Flowering
Groundnut,29.7,Vegetative
Sugarcane,427.8,Vegetative
Maize,734.2,Flowering
Sugarcane,4406.6,Yielding
Rice,763.7,Flowering
Sugarcane,4260.9,Yielding
Cotton,91.7,Vegetative
Groundnut,722.0,Flowering
Sugarcane,3744.1,Yielding
Rice,1003.8,Flowering
Rice,1576.2,Yielding
Sugarcane,629.2,Vegetative
Rice,465.1,Vegetative
Sugarcane,4231.0,Yielding
Sugarcane,1659.6,Flowering
Groundnut,1265.8,Yielding
Maize,865.7,Flowering
Cotton,1005.0,Flowering
Sugarcane,4181.0,Yielding
Groundnut,289.6,Vegetative
Cotton,1303.6,Flowering
Sugarcane,584.8,Vegetative
Rice,704.8,Flowering
Sugarcane,1089.1,Vegetative
Rice,982.1,Flowering
Sugarcane,1261.7,Vegetative
Groundnut,1116.0,Yielding
Sugarcane,4406.7,Yielding
Rice,1784.7,Yielding
Maize,654.5,Flowering
Rice,1265.9,Yielding
Cotton,690.0,Vegetative
Groundnut,948.8,Flowering
Cotton,488.6,Vegetative
Sugarcane,3803.5,Yielding
Maize,1533.5,Yielding
Rice,1698.3,Yielding
Sugarcane,3228.7,Yielding
Cotton,772.0,Flowering
Cotton,1677.3,Yielding
Maize,1123.6,Yielding
Groundnut,990.5,Flowering
Groundnut,123.3,Vegetative
Groundnut,1264.9,Yielding
Maize,1010.3,Flowering
Rice,195.4,Vegetative
Rice,311.2,Vegetative
Rice,762.8,Flowering
Sugarcane,4125.4,Yielding
Cotton,1631.5,Yielding
Rice,1306.3,Yielding
Cotton,1924.8,Yielding
Cotton,1049.9,Flowering
Maize,788.5,Flowering
Groundnut,489.2,Vegetative
Rice,737.7,Flowering
Groundnut,116.6,Vegetative
Groundnut,1494.9,Yielding
Rice,837.3,Flowering
Groundnut,179.1,Vegetative
Groundnut,227.2,Vegetative
Groundnut,1270.9,Yielding
Groundnut,332.8,Vegetative
Rice,1094.9,Flowering
Sugarcane,4020.5,Yielding
Maize,505.5,Vegetative
Groundnut,1593.9,Yielding
Maize,981.7,Flowering
Groundnut,1499.3,Yielding
Cotton,153.8,Vegetative
Cotton,109.6,Vegetative
Maize,1424.4,Yielding
Sugarcane,3521.9,Yielding
Sugarcane,3710.3,Yielding
Sugarcane,4431.6,Yielding
Sugarcane,3676.6,Yielding
Sugarcane,4335.9,Yielding
Rice,1455.6,Yielding
Sugarcane,1556.8,Flowering
Cotton,7.8,Vegetative
Maize,632.9,Flowering
Groundnut,489.8,Vegetative
Sugarcane,1100.9,Vegetative
Rice,106.9,Vegetative
Cotton,330.8,Vegetative
Cotton,1381.6,Flowering
Rice,709.0,Flowering
Rice,1440.4,Yielding
Rice,925.6,Flowering
Rice,113.7,Vegetative
Rice,1137.6,Flowering
Rice,464.3,Vegetative
Rice,477.3,Vegetative
Sugarcane,2342.0,Flowering
Maize,1040.6,Flowering
Cotton,847.0,Flowering
Cotton,71.0,Vegetative
Sugarcane,600.9,Vegetative
Sugarcane,1657.2,Flowering
Rice,633.5,Flowering
Groundnut,654.4,Flowering
Rice,1645.5,Yielding
Maize,1453.1,Yielding
Cotton,941.2,Flowering
Rice,1121.3,Flowering
Cotton,1118.9,Flowering
Cotton,1293.2,Flowering
Maize,1631.8,Yielding
Groundnut,616.1,Flowering
Rice,1370.7,Yielding
Rice,511.2,Vegetative
Cotton,1350.3,Flowering
Groundnut,571.4,Flowering
Groundnut,919.5,Flowering
Sugarcane,4428.0,Yielding
Cotton,1008.3,Flowering
Maize,588.7,Flowering
Sugarcane,2929.3,Flowering
Groundnut,1578.0,Yielding
Groundnut,99.1,Vegetative
Sugarcane,4460.3,Yielding
Maize,312.1,Vegetative
Maize,351.7,Vegetative
Sugarcane,2475.9,Flowering
Sugarcane,4195.9,Yielding
Groundnut,948.0,Flowering
Rice,5.2,Vegetative
Groundnut,1592.6,Yielding
Maize,638.0,Flowering
Sugarcane,1450.1,Vegetative
Sugarcane,133.5,Vegetative
Cotton,753.9,Flowering
Groundnut,711.5,Flowering
Sugarcane,323.8,Vegetative
Groundnut,47.7,Vegetative
Rice,1252.1,Yielding
Groundnut,579.2,Flowering
Groundnut,736.5,Flowering
Sugarcane,3609.0,Yielding
Rice,1633.7,Yielding
Rice,351.3,Vegetative
Sugarcane,2449.1,Flowering
Groundnut,1127.3,Yielding
Rice,240.0,Vegetative
Sugarcane,42.4,Vegetative
Cotton,658.4,Vegetative
Cotton,147.1,Vegetative
Groundnut,1205.8,Yielding
Sugarcane,3741.9,Yielding
Groundnut,34.7,Vegetative
Cotton,107.5,Vegetative
Groundnut,1274.0,Yielding
Cotton,39.7,Vegetative
Cotton,1032.2,Flowering
Maize,572.0,Flowering
Rice,531.6,Vegetative
Sugarcane,4443.4,Yielding
Maize,1568.7,Yielding
Rice,20.1,Vegetative
Maize,852.7,Flowering
Rice,366.8,Vegetative
Sugarcane,3213.4,Yielding
Groundnut,1314.9,Yielding
Groundnut,460.1,Vegetative
Cotton,335.4,Vegetative
Cotton,1033.7,Flowering
Sugarcane,3690.0,Yielding
Cotton,1147.1,Flowering
Maize,122.3,Vegetative
Maize,1044.7,Flowering
Rice,588.1,Vegetative
Rice,984.5,Flowering
Rice,640.7,Flowering
Cotton,588.5,Vegetative
Sugarcane,3810.4,Yielding
Groundnut,659.8,Flowering
Cotton,989.1,Flowering
Sugarcane,3738.1,Yielding
Maize,432.8,Vegetative
Maize,440.3,Vegetative
Groundnut,388.5,Vegetative
Maize,876.8,Flowering
Sugarcane,2620.6,Flowering
Cotton,624.7,Vegetative
Groundnut,1057.2,Yielding
Cotton,1527.4,Yielding
Sugarcane,606.9,Vegetative
Rice,342.9,Vegetative
Sugarcane,259.5,Vegetative
Cotton,2190.2,Yielding
Cotton,2150.7,Yielding
Maize,1219.5,Yielding
Groundnut,730.9,Flowering
Maize,1219.6,Yielding
Cotton,510.6,Vegetative
Cotton,498.6,Vegetative
Cotton,1021.0,Flowering
Rice,1192.4,Flowering
Sugarcane,1496.3,Vegetative
Groundnut,575.6,Flowering
Groundnut,442.0,Vegetative
Cotton,1565.8,Yielding
Maize,93.0,Vegetative
Cotton,1249.7,Flowering
Sugarcane,664.1,Vegetative
Groundnut,1125.2,Yielding
Groundnut,893.8,Flowering
Rice,761.2,Flowering
Cotton,1114.1,Flowering
Groundnut,885.9,Flowering
Rice,1616.4,Yielding
Rice,616.7,Flowering
Groundnut,1396.7,Yielding
Maize,1356.8,Yielding
Cotton,878.3,Flowering
Cotton,1390.9,Flowering
Rice,528.2,Vegetative
Maize,187.6,Vegetative
Maize,98.8,Vegetative
Groundnut,981.9,Flowering
Groundnut,1559.9,Yielding
Sugarcane,2827.8,Flowering
Groundnut,113.2,Vegetative
Groundnut,720.2,Flowering
Maize,250.8,Vegetative
Rice,1425.9,Yielding
Sugarcane,184.3,Vegetative
Sugarcane,2742.4,Flowering
Groundnut,1364.2,Yielding
Cotton,810.3,Flowering
Groundnut,937.9,Flowering
Cotton,511.7,Vegetative
Maize,76.8,Vegetative
Groundnut,1581.8,Yielding
Sugarcane,1854.1,Flowering
Maize,899.9,Flowering
Groundnut,1172.8,Yielding
Sugarcane,2227.5,Flowering
Groundnut,70.1,Vegetative
Rice,1318.1,Yielding
Groundnut,612.3,Flowering
Cotton,2150.1,Yielding
Groundnut,1037.1,Yielding
Groundnut,714.3,Flowering
Groundnut,1314.1,Yielding
Sugarcane,1962.6,Flowering
Maize,540.9,Vegetative
Sugarcane,3781.9,Yielding
Cotton,1715.8,Yielding
Groundnut,1538.0,Yielding
Cotton,995.3,Flowering
Rice,1185.5,Flowering
Sugarcane,1370.7,Vegetative
Rice,994.1,Flowering
Maize,355.1,Vegetative
Cotton,392.9,Vegetative
Maize,1687.8,Yielding
Rice,1779.4,Yielding
Cotton,1000.9,Flowering
Rice,1242.3,Yielding
Groundnut,1324.1,Yielding
Sugarcane,2104.7,Flowering
Rice,1709.2,Yielding
Cotton,561.8,Vegetative
Cotton,1971.3,Yielding
Cotton,881.5,Flowering
Rice,1516.6,Yielding
Cotton,139.1,Vegetative
Sugarcane,4116.7,Yielding
Maize,1061.0,Flowering
Cotton,422.1,Vegetative
Maize,1308.8,Yielding
Groundnut,1078.3,Yielding
Cotton,1644.6,Yielding
Rice,594.2,Vegetative
Cotton,984.5,Flowering
Groundnut,385.7,Vegetative
Cotton,1180.8,Flowering
Rice,1466.5,Yielding
Maize,1096.7,Flowering
Sugarcane,156.6,Vegetative
Cotton,10.3,Vegetative
Rice,192.8,Vegetative
Maize,681.8,Flowering
Rice,253.6,Vegetative
Groundnut,491.5,Vegetative
Cotton,831.8,Flowering
Rice,1235.8,Yielding
Groundnut,102.8,Vegetative
Rice,173.6,Vegetative
Maize,164.2,Vegetative
Cotton,1601.5,Yielding
Rice,541.6,Vegetative
Groundnut,1575.9,Yielding
Maize,1315.8,Yielding
Rice,1644.7,Yielding
Maize,1177.4,Yielding
Cotton,17.6,Vegetative
Cotton,2028.2,Yielding
Maize,535.2,Vegetative
Groundnut,666.3,Flowering
Rice,1513.6,Yielding
Maize,748.0,Flowering
Cotton,2198.9,Yielding
Groundnut,605.6,Flowering
Rice,3.6,Vegetative
Cotton,1948.3,Yielding
Cotton,268.4,Vegetative
Groundnut,1115.4,Yielding
Maize,1010.2,Flowering
Sugarcane,3004.6,Yielding
Maize,708.6,Flowering
Groundnut,66.9,Vegetative
Rice,1034.4,Flowering
Groundnut,496.1,Vegetative
Sugarcane,40.3,Vegetative
Rice,955.9,Flowering
Groundnut,1463.1,Yielding
Maize,1036.0,Flowering
Maize,149.7,Vegetative
Cotton,1744.5,Yielding
Maize,34.1,Vegetative
Maize,16.2,Vegetative
Cotton,1659.6,Yielding
Maize,315.0,Vegetative
Rice,843.5,Flowering
Maize,628.1,Flowering
Cotton,601.2,Vegetative
Sugarcane,1254.2,Vegetative
Rice,1409.2,Yielding
Cotton,1954.4,Yielding
Groundnut,707.0,Flowering
Cotton,2054.8,Yielding
Sugarcane,2748.1,Flowering
Groundnut,1407.9,Yielding
Rice,838.1,Flowering
Maize,1121.6,Yielding
Rice,498.2,Vegetative
Maize,62.3,Vegetative
Rice,414.9,Vegetative
Groundnut,683.2,Flowering
Cotton,100.4,Vegetative
Groundnut,1042.4,Yielding
Maize,258.2,Vegetative
Rice,476.2,Vegetative
Groundnut,122.6,Vegetative
Rice,349.5,Vegetative
Groundnut,946.7,Flowering
Sugarcane,1182.2,Vegetative
Sugarcane,1143.2,Vegetative
Cotton,165.7,Vegetative
Maize,1480.9,Yielding
Maize,333.6,Vegetative
Groundnut,419.7,Vegetative
Groundnut,722.5,Flowering
Cotton,825.8,Flowering
Rice,365.7,Vegetative
Maize,577.9,Flowering
Maize,1159.5,Yielding
Rice,190.7,Vegetative
Cotton,715.5,Flowering
Maize,88.1,Vegetative
Maize,1415.4,Yielding
Groundnut,421.9,Vegetative
Maize,671.5,Flowering
Cotton,1681.1,Yielding
Cotton,399.6,Vegetative
Rice,680.4,Flowering
Sugarcane,1520.6,Flowering
Maize,1079.1,Flowering
Groundnut,910.5,Flowering
Cotton,1886.8,Yielding
Maize,455.7,Vegetative
Cotton,1727.1,Yielding
Groundnut,99.7,Vegetative
Cotton,200.9,Vegetative
Maize,883.9,Flowering
Sugarcane,3355.4,Yielding
Cotton,1682.9,Yielding
Sugarcane,3255.5,Yielding
Rice,847.7,Flowering
Maize,204.6,Vegetative
Groundnut,812.6,Flowering
Groundnut,209.7,Vegetative
Maize,890.9,Flowering
Maize,1558.2,Yielding
Groundnut,52.0,Vegetative
Groundnut,365.8,Vegetative
Rice,1534.0,Yielding
Groundnut,680.9,Flowering
Sugarcane,583.5,Vegetative
Sugarcane,4373.0,Yielding
Sugarcane,97.1,Vegetative
Rice,250.6,Vegetative
Sugarcane,3220.1,Yielding
Groundnut,138.7,Vegetative
Sugarcane,3272.0,Yielding
Rice,511.8,Vegetative
Sugarcane,1205.8,Vegetative
Rice,1621.3,Yielding
Groundnut,159.1,Vegetative
Sugarcane,3732.0,Yielding
Groundnut,299.3,Vegetative
Sugarcane,2808.6,Flowering
Maize,1497.4,Yielding
Groundnut,820.8,Flowering
Rice,1455.3,Yielding
Sugarcane,2602.1,Flowering
Rice,610.3,Flowering
Maize,249.1,Vegetative
Maize,1011.2,Flowering
Groundnut,176.3,Vegetative
Sugarcane,2995.9,Flowering
Maize,93.6,Vegetative
Maize,1273.1,Yielding
Groundnut,156.9,Vegetative
Groundnut,258.6,Vegetative
Rice,87.6,Vegetative
Rice,728.4,Flowering
Rice,319.7,Vegetative
Cotton,1644.8,Yielding
Cotton,948.6,Flowering
Sugarcane,268.9,Vegetative
Sugarcane,131.3,Vegetative
Groundnut,638.6,Flowering
Groundnut,909.6,Flowering
Rice,1628.2,Yielding
Sugarcane,237.6,Vegetative
Sugarcane,8.5,Vegetative
Maize,552.7,Flowering
Cotton,852.4,Flowering
Groundnut,1082.3,Yielding
Groundnut,1179.2,Yielding
Sugarcane,3163.6,Yielding
Groundnut,918.7,Flowering
Maize,1215.1,Yielding
Rice,712.4,Flowering
Maize,1467.3,Yielding
Sugarcane,4072.6,Yielding
Groundnut,47.2,Vegetative
Groundnut,24.1,Vegetative
Groundnut,1223.5,Yielding
Sugarcane,2258.3,Flowering
Rice,1314.2,Yielding
Maize,583.1,Flowering
Rice,832.9,Flowering
Cotton,803.2,Flowering
Cotton,1781.5,Yielding
Maize,521.4,Vegetative
Sugarcane,2375.6,Flowering
Sugarcane,2992.3,Flowering
Maize,533.2,Vegetative
Groundnut,473.6,Vegetative
Groundnut,417.6,Vegetative
Cotton,1246.1,Flowering
Rice,371.9,Vegetative
Maize,558.8,Flowering
Rice,1517.8,Yielding
Cotton,2157.4,Yielding
Groundnut,702.4,Flowering
Groundnut,814.9,Flowering
Maize,1504.8,Yielding
Rice,756.3,Flowering
Rice,217.8,Vegetative
Sugarcane,234.0,Vegetative
Sugarcane,189.8,Vegetative
Groundnut,1497.9,Yielding
Maize,1373.4,Yielding
Groundnut,990.3,Flowering
Maize,1401.9,Yielding
Sugarcane,4142.3,Yielding
Maize,419.0,Vegetative
Sugarcane,1276.9,Vegetative
Maize,491.5,Vegetative
Maize,808.4,Flowering
Cotton,844.3,Flowering
Groundnut,1443.2,Yielding
Sugarcane,3414.6,Yielding
Maize,615.1,Flowering
Rice,583.4,Vegetative
Cotton,1725.0,Yielding
Sugarcane,3127.6,Yielding
Groundnut,92.0,Vegetative
Groundnut,1390.8,Yielding
Maize,939.9,Flowering
Sugarcane,2307.4,Flowering
Groundnut,1387.2,Yielding
Maize,1151.5,Yielding
Maize,2.6,Vegetative
Maize,261.4,Vegetative
Sugarcane,2132.2,Flowering
Groundnut,1131.4,Yielding
Sugarcane,3041.3,Yielding
Sugarcane,507.0,Vegetative
Groundnut,1270.5,Yielding
Sugarcane,1553.3,Flowering
Cotton,463.1,Vegetative
Rice,1173.8,Flowering
Groundnut,115.2,Vegetative
Rice,1283.2,Yielding
Maize,698.0,Flowering
Cotton,1968.0,Yielding
Cotton,796.3,Flowering
Sugarcane,1140.7,Vegetative
Sugarcane,74.9,Vegetative
Rice,1664.8,Yielding
Rice,119.8,Vegetative
Sugarcane,2185.3,Flowering
Maize,1205.3,Yielding
Rice,682.4,Flowering
Sugarcane,847.5,Vegetative
Maize,368.6,Vegetative
Maize,145.6,Vegetative
Sugarcane,2359.5,Flowering
Groundnut,1323.4,Yielding
Rice,1106.2,Flowering
Cotton,1753.4,Yielding
Rice,1008.4,Flowering
Sugarcane,1118.6,Vegetative
Maize,663.1,Flowering
Sugarcane,1047.4,Vegetative
Sugarcane,3237.5,Yielding
Groundnut,1169.4,Yielding
Groundnut,235.0,Vegetative
Groundnut,654.0,Flowering
Rice,102.1,Vegetative
Maize,16.8,Vegetative
Rice,166.5,Vegetative
Rice,1050.6,Flowering
Sugarcane,1381.4,Vegetative
Groundnut,1366.9,Yielding
Cotton,1577.8,Yielding
Groundnut,476.1,Vegetative
Groundnut,79.8,Vegetative
Groundnut,1171.8,Yielding
Groundnut,581.4,Flowering
Rice,571.2,Vegetative
Maize,432.5,Vegetative
Cotton,374.2,Vegetative
Sugarcane,817.7,Vegetative
Maize,251.2,Vegetative
Groundnut,980.9,Flowering
Groundnut,1040.5,Yielding
Cotton,2184.0,Yielding
Maize,1122.8,Yielding
Cotton,927.5,Flowering
Maize,582.6,Flowering
Maize,1431.1,Yielding
Maize,1057.0,Flowering
Rice,1213.5,Yielding
Sugarcane,1894.4,Flowering
Sugarcane,3216.2,Yielding
Cotton,1356.7,Flowering
Cotton,322.4,Vegetative
Sugarcane,2239.3,Flowering
Cotton,435.3,Vegetative
Rice,34.1,Vegetative
Groundnut,405.7,Vegetative
Sugarcane,4163.2,Yielding
Maize,1532.5,Yielding
Maize,1316.0,Yielding
Sugarcane,4088.1,Yielding
Maize,1437.7,Yielding
Groundnut,931.0,Flowering
Maize,1095.5,Flowering
Rice,76.7,Vegetative
Maize,1113.5,Yielding
Rice,392.1,Vegetative
Rice,131.3,Vegetative
Groundnut,970.7,Flowering
Groundnut,1405.1,Yielding
Rice,158.3,Vegetative
Maize,38.2,Vegetative
Cotton,1697.6,Yielding
Groundnut,471.6,Vegetative
Maize,367.5,Vegetative
Rice,182.5,Vegetative
Groundnut,326.4,Vegetative
Maize,1285.5,Yielding
Groundnut,186.8,Vegetative
Rice,356.6,Vegetative
Groundnut,1526.1,Yielding
Cotton,1195.0,Flowering
Maize,928.9,Flowering
Cotton,791.5,Flowering
Sugarcane,101.7,Vegetative
Groundnut,1168.4,Yielding
Maize,1136.6,Yielding
Rice,906.6,Flowering
Cotton,807.6,Flowering
Groundnut,990.6,Flowering
Sugarcane,1528.6,Flowering
Sugarcane,1390.2,Vegetative
Cotton,1925.5,Yielding
Cotton,1031.5,Flowering
Groundnut,428.1,Vegetative
Cotton,1305.0,Flowering
Rice,1213.2,Yielding
Sugarcane,4483.0,Yielding
Groundnut,1197.2,Yielding
Cotton,585.5,Vegetative
Rice,1102.4,Flowering
Groundnut,1481.1,Yielding
Maize,227.3,Vegetative
Rice,1021.7,Flowering
Rice,109.4,Vegetative
Cotton,203.8,Vegetative
Maize,176.0,Vegetative
Cotton,1723.1,Yielding
Groundnut,973.4,Flowering
Rice,1687.0,Yielding
Rice,31.7,Vegetative
Sugarcane,2161.7,Flowering
Sugarcane,3439.4,Yielding
Maize,1017.8,Flowering
Maize,1069.5,Flowering
Cotton,351.4,Vegetative
Rice,1640.5,Yielding
Maize,570.9,Flowering
Sugarcane,3544.7,Yielding
Sugarcane,2995.1,Flowering
Groundnut,481.9,Vegetative
Maize,1353.5,Yielding
Sugarcane,1897.7,Flowering
Sugarcane,379.9,Vegetative
Maize,1465.4,Yielding
Cotton,1997.6,Yielding
Rice,1176.6,Flowering
Cotton,1141.3,Flowering
Rice,862.4,Flowering
Groundnut,586.8,Flowering
Maize,1230.6,Yielding
Cotton,1505.5,Yielding
Sugarcane,1450.7,Vegetative
Maize,464.9,Vegetative
Sugarcane,3809.3,Yielding
Groundnut,871.7,Flowering
Rice,858.4,Flowering
Sugarcane,1231.5,Vegetative
Cotton,2009.2,Yielding
Maize,179.4,Vegetative
Groundnut,929.5,Flowering
Sugarcane,2084.0,Flowering
Cotton,1317.2,Flowering
Groundnut,1269.9,Yielding
Sugarcane,3730.6,Yielding
Groundnut,950.1,Flowering
Rice,187.6,Vegetative
Sugarcane,4486.8,Yielding
Sugarcane,1121.6,Vegetative
Rice,1713.5,Yielding
Sugarcane,270.7,Vegetative
Rice,1380.0,Yielding
Groundnut,20.6,Vegetative
Rice,1739.4,Yielding
Rice,853.3,Flowering
Maize,1578.4,Yielding
Rice,531.1,Vegetative
Rice,376.0,Vegetative
Sugarcane,3351.6,Yielding
Maize,1589.4,Yielding
Groundnut,1502.0,Yielding
Cotton,546.3,Vegetative
Sugarcane,4097.0,Yielding
Rice,1592.2,Yielding
Groundnut,1218.1,Yielding
Groundnut,1245.7,Yielding
Cotton,1720.9,Yielding
Groundnut,96.2,Vegetative
Groundnut,814.0,Flowering
Sugarcane,926.1,Vegetative
Sugarcane,2362.1,Flowering
Cotton,1012.9,Flowering
Groundnut,1282.6,Yielding
Rice,363.7,Vegetative
Groundnut,419.4,Vegetative
Sugarcane,3432.0,Yielding
Groundnut,212.1,Vegetative
Groundnut,811.4,Flowering
Groundnut,1183.5,Yielding
Cotton,1381.3,Flowering
Maize,209.2,Vegetative
Rice,968.6,Flowering
Cotton,2068.5,Yielding
Maize,273.7,Vegetative
Sugarcane,850.1,Vegetative
Cotton,698.5,Vegetative
Cotton,253.5,Vegetative
Sugarcane,51.0,Vegetative
Rice,391.3,Vegetative
Cotton,1393.6,Flowering
Rice,1002.8,Flowering
Maize,1149.0,Yielding
Groundnut,1064.6,Yielding
Sugarcane,3358.4,Yielding
Maize,1081.1,Flowering
Sugarcane,3993.8,Yielding
Cotton,577.3,Vegetative
Groundnut,318.0,Vegetative
Cotton,370.3,Vegetative
Sugarcane,885.3,Vegetative
Cotton,29.8,Vegetative
Rice,1594.7,Yielding
Sugarcane,4461.0,Yielding
Groundnut,589.8,Flowering
Groundnut,298.2,Vegetative
Sugarcane,222.0,Vegetative
Sugarcane,1911.4,Flowering
Rice,373.5,Vegetative
Rice,238.0,Vegetative
Sugarcane,1961.0,Flowering
Sugarcane,1134.2,Vegetative
Groundnut,1312.2,Yielding
Maize,589.5,Flowering
Sugarcane,4249.7,Yielding
Rice,1728.4,Yielding
Cotton,1237.5,Flowering
Rice,1748.0,Yielding
Cotton,1644.4,Yielding
Cotton,1043.1,Flowering
Maize,1335.9,Yielding
Groundnut,1344.8,Yielding
Sugarcane,1638.4,Flowering
Cotton,304.6,Vegetative
Rice,1562.6,Yielding
Groundnut,584.1,Flowering
Groundnut,1538.2,Yielding
Sugarcane,2982.3,Flowering
Cotton,1437.9,Yielding
Sugarcane,1604.2,Flowering
Maize,939.3,Flowering
Sugarcane,3190.5,Yielding
Cotton,1486.9,Yielding
Groundnut,1442.4,Yielding
Cotton,1964.9,Yielding
Groundnut,946.3,Flowering
Rice,1548.1,Yielding
Groundnut,430.0,Vegetative
Cotton,828.1,Flowering
Rice,1016.3,Flowering
Rice,407.4,Vegetative
Cotton,517.9,Vegetative
Sugarcane,1601.1,Flowering
Sugarcane,2985.2,Flowering
Groundnut,359.6,Vegetative
Rice,708.0,Flowering
Sugarcane,2389.5,Flowering
Groundnut,1035.5,Yielding
Groundnut,426.1,Vegetative
Groundnut,1245.6,Yielding
Cotton,1910.1,Yielding
Cotton,706.9,Flowering
Maize,186.5,Vegetative
Groundnut,628.3,Flowering
Sugarcane,2135.8,Flowering
Maize,1662.2,Yielding
Rice,1674.3,Yielding
Sugarcane,2449.1,Flowering
Sugarcane,2692.9,Flowering
Sugarcane,2328.9,Flowering
Groundnut,280.2,Vegetative
Groundnut,131.7,Vegetative
Rice,1746.2,Yielding
Cotton,1913.8,Yielding
Maize,1367.6,Yielding
Rice,585.1,Vegetative
Cotton,2080.3,Yielding
Cotton,1192.5,Flowering
Maize,1142.4,Yielding
Groundnut,1036.2,Yielding
Rice,1465.2,Yielding
Rice,649.6,Flowering
Sugarcane,2645.7,Flowering
Groundnut,1242.6,Yielding
Sugarcane,1892.3,Flowering
Groundnut,1130.0,Yielding
Rice,1723.8,Yielding
Maize,930.8,Flowering
Sugarcane,1372.3,Vegetative
Cotton,1620.2,Yielding
Rice,413.2,Vegetative
Maize,247.0,Vegetative
Sugarcane,283.4,Vegetative
Sugarcane,1017.4,Vegetative
Rice,553.4,Vegetative
Cotton,1761.8,Yielding
Sugarcane,848.7,Vegetative
Maize,977.4,Flowering
Maize,143.5,Vegetative
Sugarcane,1692.2,Flowering
Groundnut,751.4,Flowering
Sugarcane,2713.0,Flowering
Maize,737.8,Flowering
Rice,1757.2,Yielding
Cotton,995.3,Flowering
Sugarcane,3610.6,Yielding
Groundnut,1186.5,Yielding
Cotton,1363.3,Flowering
Rice,69.5,Vegetative
Cotton,1480.9,Yielding
Sugarcane,1401.9,Vegetative
Maize,1655.4,Yielding
Maize,957.0,Flowering
Sugarcane,1284.6,Vegetative
Rice,296.6,Vegetative
Rice,403.6,Vegetative
Rice,327.6,Vegetative
Sugarcane,834.5,Vegetative
Rice,1316.0,Yielding
Maize,126.7,Vegetative
Groundnut,1091.3,Yielding
Sugarcane,2159.7,Flowering
Sugarcane,4273.3,Yielding
Maize,986.5,Flowering
Sugarcane,289.8,Vegetative
Rice,1321.9,Yielding
Maize,1221.7,Yielding
Rice,1110.0,Flowering
Groundnut,942.1,Flowering
Sugarcane,4194.9,Yielding
Cotton,1518.2,Yielding
Sugarcane,2273.9,Flowering
Cotton,2181.1,Yielding
Rice,317.4,Vegetative
Sugarcane,1315.9,Vegetative
Cotton,144.2,Vegetative
Maize,1222.6,Yielding
Rice,1237.4,Yielding
Sugarcane,4228.4,Yielding
Cotton,1714.6,Yielding
Groundnut,1574.3,Yielding
Cotton,1010.5,Flowering
Groundnut,959.3,Flowering
Groundnut,1322.3,Yielding
Rice,574.7,Vegetative
Sugarcane,3284.3,Yielding
Rice,779.9,Flowering
Cotton,492.9,Vegetative
Sugarcane,4104.8,Yielding
Groundnut,1588.0,Yielding
Sugarcane,96.4,Vegetative
Cotton,1324.2,Flowering
Sugarcane,4047.6,Yielding
Rice,404.1,Vegetative
Sugarcane,3144.8,Yielding
Rice,436.0,Vegetative
Maize,923.4,Flowering
Groundnut,1281.2,Yielding
Cotton,1547.4,Yielding
Groundnut,1194.6,Yielding
Rice,596.5,Vegetative
Rice,1750.4,Yielding
Maize,1449.6,Yielding
Sugarcane,1503.0,Flowering
Cotton,1530.7,Yielding
Rice,1252.4,Yielding
Rice,1793.0,Yielding
Rice,127.4,Vegetative
Groundnut,969.5,Flowering
Cotton,1851.0,Yielding
Rice,1489.6,Yielding
Cotton,1279.1,Flowering
Rice,570.5,Vegetative
Groundnut,78.2,Vegetative
Rice,1474.0,Yielding
Rice,852.6,Flowering
Rice,93.2,Vegetative
Rice,819.5,Flowering
Maize,1334.9,Yielding
Sugarcane,2202.0,Flowering
Sugarcane,991.1,Vegetative
Groundnut,118.0,Vegetative
Maize,351.9,Vegetative
Maize,1636.5,Yielding
Maize,1013.1,Flowering
Rice,1185.7,Flowering
Maize,1340.2,Yielding
Rice,1164.7,Flowering
Sugarcane,4233.7,Yielding
Sugarcane,1108.3,Vegetative
Sugarcane,2420.0,Flowering
Cotton,166.5,Vegetative
Groundnut,777.3,Flowering
Maize,1244.2,Yielding
Maize,475.1,Vegetative
Cotton,2114.3,Yielding
Groundnut,1419.7,Yielding
Cotton,1305.7,Flowering
Cotton,595.7,Vegetative
Cotton,670.0,Vegetative
Groundnut,1453.8,Yielding
Rice,1313.8,Yielding
Groundnut,859.2,Flowering
Maize,559.5,Flowering
Groundnut,418.4,Vegetative
Cotton,2110.2,Yielding
Groundnut,1317.7,Yielding
Sugarcane,1943.6,Flowering
Cotton,344.7,Vegetative
Sugarcane,1110.2,Vegetative
Cotton,2152.4,Yielding
Sugarcane,639.2,Vegetative
Sugarcane,4183.6,Yielding
Sugarcane,331.3,Vegetative
Maize,1381.5,Yielding
Rice,818.4,Flowering
Sugarcane,3976.8,Yielding
Cotton,903.9,Flowering
Maize,178.2,Vegetative
Sugarcane,108.8,Vegetative
Maize,1164.4,Yielding
Groundnut,1273.9,Yielding
Maize,556.7,Flowering
Groundnut,952.6,Flowering
Maize,381.4,Vegetative
Maize,964.0,Flowering
Rice,1340.6,Yielding
Sugarcane,2755.4,Flowering
Maize,369.8,Vegetative
Rice,1723.2,Yielding
Sugarcane,624.0,Vegetative
Maize,1486.6,Yielding
Maize,609.5,Flowering
Groundnut,913.8,Flowering
Groundnut,1009.2,Yielding
Groundnut,1110.7,Yielding
Cotton,1319.6,Flowering
Groundnut,161.4,Vegetative
Maize,1399.3,Yielding
Cotton,540.5,Vegetative
Groundnut,591.9,Flowering
Sugarcane,2519.1,Flowering
Groundnut,950.9,Flowering
Sugarcane,3517.9,Yielding
Cotton,1687.4,Yielding
Cotton,767.3,Flowering
Cotton,704.2,Flowering
Groundnut,48.6,Vegetative
Groundnut,36.4,Vegetative
Groundnut,858.3,Flowering
Maize,417.7,Vegetative
Groundnut,98.5,Vegetative
Groundnut,969.7,Flowering
Cotton,198.9,Vegetative
Rice,68.6,Vegetative
Rice,191.2,Vegetative
Sugarcane,2721.0,Flowering
Cotton,1336.5,Flowering
Groundnut,882.7,Flowering
Rice,1522.3,Yielding
Cotton,1653.0,Yielding
Maize,533.2,Vegetative
Cotton,1564.3,Yielding
Rice,1506.7,Yielding
Groundnut,1564.4,Yielding
Cotton,1445.7,Yielding
Cotton,348.0,Vegetative
Maize,378.1,Vegetative
Groundnut,1116.5,Yielding
Cotton,1652.8,Yielding
Sugarcane,344.5,Vegetative
Sugarcane,881.6,Vegetative
Groundnut,1335.8,Yielding
Sugarcane,2849.9,Flowering
Rice,778.6,Flowering
Groundnut,633.3,Flowering
Cotton,1715.5,Yielding
Cotton,198.2,Vegetative
Groundnut,1489.9,Yielding
Maize,1477.2,Yielding
Sugarcane,1947.7,Flowering
Sugarcane,884.2,Vegetative
Rice,801.9,Flowering
Rice,1061.8,Flowering
Rice,1726.8,Yielding
Maize,777.9,Flowering
Sugarcane,1239.7,Vegetative
Sugarcane,1955.1,Flowering
Maize,1559.3,Yielding
Sugarcane,2.0,Vegetative
Rice,1661.7,Yielding
Sugarcane,2630.3,Flowering
Sugarcane,3839.8,Yielding
Cotton,1427.6,Yielding
Maize,1033.2,Flowering
Maize,1511.2,Yielding
Sugarcane,3311.2,Yielding
Groundnut,1003.9,Yielding
Groundnut,377.7,Vegetative
Sugarcane,3401.5,Yielding
Cotton,1166.0,Flowering
Cotton,783.6,Flowering
Groundnut,784.8,Flowering
Rice,76.7,Vegetative
Maize,219.8,Vegetative
Sugarcane,3265.9,Yielding
Cotton,1793.1,Yielding
Maize,1326.1,Yielding
Maize,1079.0,Flowering
Cotton,2129.3,Yielding
Groundnut,859.5,Flowering
Rice,970.6,Flowering
Rice,1285.0,Yielding
Rice,269.6,Vegetative
Rice,313.1,Vegetative
Rice,372.4,Vegetative
Maize,111.7,Vegetative
Maize,23.9,Vegetative
Maize,1193.9,Yielding
Maize,401.8,Vegetative
Sugarcane,729.6,Vegetative
Sugarcane,3114.7,Yielding
Groundnut,243.4,Vegetative
Rice,1205.3,Yielding
Maize,612.4,Flowering
Groundnut,864.5,Flowering
Sugarcane,4310.3,Yielding
Rice,410.4,Vegetative
Groundnut,1256.9,Yielding
Rice,1350.4,Yielding
Cotton,1729.0,Yielding
Cotton,1107.4,Flowering
Groundnut,240.0,Vegetative
Cotton,375.3,Vegetative
Sugarcane,1865.4,Flowering
Rice,1540.1,Yielding
Groundnut,380.0,Vegetative
Maize,0.6,Vegetative
Groundnut,647.1,Flowering
Cotton,1467.5,Yielding
Rice,115.1,Vegetative
Maize,603.8,Flowering
Rice,52.6,Vegetative
Rice,1502.5,Yielding
Cotton,1520.6,Yielding
Groundnut,619.1,Flowering
Groundnut,109.1,Vegetative
Maize,48.9,Vegetative
Cotton,183.4,Vegetative
Groundnut,1506.4,Yielding
Sugarcane,3262.3,Yielding
Sugarcane,701.2,Vegetative
Cotton,1301.3,Flowering
Groundnut,1430.1,Yielding
Maize,1512.5,Yielding
Groundnut,1357.4,Yielding
Rice,130.1,Vegetative
Groundnut,765.3,Flowering
Sugarcane,1169.8,Vegetative
Rice,942.5,Flowering
Rice,1492.3,Yielding
Rice,1758.2,Yielding
Cotton,1557.1,Yielding
Rice,1175.5,Flowering
Groundnut,107.0,Vegetative
Cotton,839.2,Flowering
Maize,314.6,Vegetative
Sugarcane,2549.6,Flowering
Cotton,2039.0,Yielding
Maize,1195.8,Yielding
Cotton,255.1,Vegetative
Rice,1381.9,Yielding
Cotton,846.2,Flowering
Sugarcane,2700.7,Flowering
Sugarcane,720.1,Vegetative
Rice,318.8,Vegetative
Groundnut,219.0,Vegetative
Sugarcane,220.0,Vegetative
Maize,545.0,Vegetative
Maize,620.0,Flowering
Rice,726.3,Flowering
Cotton,503.7,Vegetative
Maize,567.3,Flowering
Groundnut,1261.7,Yielding
Cotton,747.2,Flowering
Sugarcane,1631.3,Flowering
Rice,906.5,Flowering
Sugarcane,566.0,Vegetative
Maize,761.7,Flowering
Rice,1698.2,Yielding
Maize,167.7,Vegetative
Sugarcane,784.7,Vegetative
Rice,1339.0,Yielding
Sugarcane,1473.1,Vegetative
Groundnut,1558.4,Yielding
Rice,1564.8,Yielding
Rice,574.4,Vegetative
Maize,551.2,Flowering
Rice,897.3,Flowering
Maize,940.8,Flowering
Groundnut,1299.4,Yielding
Rice,410.0,Vegetative
Maize,1062.8,Flowering
Maize,483.7,Vegetative
Rice,1649.9,Yielding
Groundnut,1003.1,Yielding
Maize,28.8,Vegetative
Maize,114.6,Vegetative
Groundnut,774.3,Flowering
Sugarcane,2253.0,Flowering
Maize,52.5,Vegetative
Groundnut,1318.4,Yielding
Maize,971.9,Flowering
Maize,599.1,Flowering
Cotton,741.9,Flowering
Cotton,2165.2,Yielding
Sugarcane,4167.0,Yielding
Cotton,2071.6,Yielding
Maize,1408.3,Yielding
Cotton,2103.0,Yielding
Rice,55.1,Vegetative
Cotton,1820.5,Yielding
Cotton,569.6,Vegetative
Groundnut,9.4,Vegetative
Cotton,408.9,Vegetative
Sugarcane,1238.6,Vegetative
Cotton,744.8,Flowering
Cotton,2190.5,Yielding
Sugarcane,1937.0,Flowering
Rice,116.2,Vegetative
Maize,590.7,Flowering
Sugarcane,4301.4,Yielding
Cotton,463.7,Vegetative
Sugarcane,2281.1,Flowering
Sugarcane,3836.2,Yielding
Maize,627.6,Flowering
Maize,1079.8,Flowering
Cotton,1415.7,Yielding
Maize,1155.5,Yielding
Maize,690.0,Flowering
Maize,896.2,Flowering
Groundnut,1247.1,Yielding
Sugarcane,2502.4,Flowering
Maize,511.4,Vegetative
Groundnut,1196.4,Yielding
Cotton,470.8,Vegetative
Rice,161.8,Vegetative
Cotton,1021.3,Flowering
Sugarcane,4352.0,Yielding
Rice,1183.5,Flowering
Groundnut,1385.6,Yielding
Sugarcane,4042.0,Yielding
Cotton,2071.1,Yielding
Maize,816.9,Flowering
Groundnut,1443.2,Yielding
Rice,1107.6,Flowering
Maize,1524.1,Yielding
Groundnut,1124.7,Yielding
Sugarcane,187.0,Vegetative
Rice,710.4,Flowering
Sugarcane,1436.9,Vegetative
Cotton,1822.5,Yielding
Groundnut,181.3,Vegetative
Cotton,517.8,Vegetative
Rice,1477.3,Yielding
Cotton,119.5,Vegetative
Rice,891.2,Flowering
Cotton,283.0,Vegetative
Rice,397.6,Vegetative
Groundnut,777.8,Flowering
Maize,1076.2,Flowering
Rice,1205.8,Yielding
Cotton,1302.2,Flowering
Sugarcane,3279.1,Yielding
Cotton,749.3,Flowering
Cotton,899.1,Flowering
Rice,49.9,Vegetative
Groundnut,998.9,Flowering
Sugarcane,531.0,Vegetative
Sugarcane,4077.6,Yielding
Cotton,449.5,Vegetative
Maize,1440.2,Yielding
Rice,551.3,Vegetative
Groundnut,1229.8,Yielding
Maize,1163.7,Yielding
Sugarcane,3124.8,Yielding
Cotton,1209.2,Flowering
Maize,1448.4,Yielding
Groundnut,911.7,Flowering
Maize,827.2,Flowering
Maize,597.9,Flowering
Sugarcane,4060.2,Yielding
Groundnut,522.8,Flowering
Maize,144.4,Vegetative
Sugarcane,1616.2,Flowering
Maize,509.3,Vegetative
Rice,327.9,Vegetative
Cotton,943.0,Flowering
Groundnut,917.5,Flowering
Cotton,311.9,Vegetative
Rice,1089.2,Flowering
Sugarcane,517.6,Vegetative
Sugarcane,4323.2,Yielding
Cotton,858.3,Flowering
Maize,643.4,Flowering
Sugarcane,3962.0,Yielding
Maize,1089.2,Flowering
Rice,363.6,Vegetative
Groundnut,174.4,Vegetative
Groundnut,1516.2,Yielding
Cotton,787.9,Flowering
Groundnut,994.5,Flowering
Rice,140.9,Vegetative
Rice,93.9,Vegetative
Cotton,1564.0,Yielding
Maize,146.6,Vegetative
Rice,1292.0,Yielding
Rice,285.0,Vegetative
Cotton,2072.4,Yielding
Groundnut,1150.3,Yielding
Cotton,683.1,Vegetative
Groundnut,1533.3,Yielding
Cotton,1067.6,Flowering
Maize,881.7,Flowering
Groundnut,597.7,Flowering
Rice,1168.1,Flowering
Rice,1642.6,Yielding
Maize,1052.1,Flowering
Cotton,1002.0,Flowering
Rice,652.7,Flowering
Groundnut,1034.2,Yielding
Maize,516.0,Vegetative
Maize,1511.4,Yielding
Maize,570.3,Flowering
Maize,408.8,Vegetative
Groundnut,672.7,Flowering
Maize,1110.7,Yielding
Sugarcane,4281.9,Yielding
Cotton,1174.0,Flowering
Sugarcane,1279.1,Vegetative
Groundnut,1097.0,Yielding
Groundnut,690.7,Flowering
Sugarcane,1629.2,Flowering
Maize,348.2,Vegetative
Rice,970.0,Flowering
Rice,1604.9,Yielding
Sugarcane,3914.9,Yielding
Rice,1248.0,Yielding
Groundnut,1591.8,Yielding
Rice,1796.0,Yielding
Sugarcane,994.7,Vegetative
Groundnut,542.1,Flowering
Rice,442.3,Vegetative
Sugarcane,118.0,Vegetative
Maize,1309.7,Yielding
Cotton,486.1,Vegetative
Maize,148.8,Vegetative
Cotton,852.2,Flowering
Sugarcane,2357.4,Flowering
Sugarcane,2639.4,Flowering
Sugarcane,1560.9,Flowering
Cotton,711.6,Flowering
Groundnut,918.4,Flowering
Cotton,2056.0,Yielding
Rice,1794.4,Yielding
Sugarcane,1912.0,Flowering
Sugarcane,1267.6,Vegetative
Rice,654.5,Flowering
Rice,1422.5,Yielding
Groundnut,405.1,Vegetative
Maize,1367.4,Yielding
Cotton,1521.7,Yielding
Maize,948.6,Flowering
Sugarcane,743.7,Vegetative
Groundnut,1331.0,Yielding
Sugarcane,1310.8,Vegetative
Groundnut,983.8,Flowering
Maize,361.6,Vegetative
Cotton,959.3,Flowering
Rice,1379.4,Yielding
Rice,713.0,Flowering
Groundnut,36.2,Vegetative
Cotton,1345.9,Flowering
Sugarcane,2943.8,Flowering
Cotton,1553.5,Yielding
Groundnut,367.4,Vegetative
Groundnut,455.7,Vegetative
Rice,1522.5,Yielding
Cotton,39.6,Vegetative
Groundnut,84.2,Vegetative
Rice,1449.1,Yielding
Groundnut,1504.9,Yielding
Groundnut,1155.0,Yielding
Groundnut,840.9,Flowering
Maize,1585.0,Yielding
Groundnut,1191.1,Yielding
Rice,528.1,Vegetative
Groundnut,679.7,Flowering
Groundnut,147.0,Vegetative
Rice,1533.8,Yielding
Rice,212.4,Vegetative
Cotton,245.3,Vegetative
Cotton,486.4,Vegetative
Cotton,909.8,Flowering
Maize,1359.9,Yielding
Groundnut,339.7,Vegetative
Groundnut,894.0,Flowering
Sugarcane,898.7,Vegetative
Sugarcane,4164.8,Yielding
Groundnut,949.9,Flowering
Groundnut,906.9,Flowering
Cotton,1255.4,Flowering
Maize,946.5,Flowering
Rice,869.2,Flowering
Cotton,716.7,Flowering
Groundnut,1182.7,Yielding
Cotton,1424.1,Yielding
Sugarcane,2936.2,Flowering
Cotton,733.2,Flowering
Maize,1235.0,Yielding
Sugarcane,1157.7,Vegetative
Maize,924.9,Flowering
Rice,1600.0,Yielding
Maize,909.3,Flowering
Sugarcane,3696.0,Yielding
Maize,470.2,Vegetative
Maize,849.3,Flowering
Groundnut,1533.3,Yielding
Cotton,716.4,Flowering
Rice,909.6,Flowering
Rice,468.6,Vegetative
Maize,1325.5,Yielding
Rice,1557.7,Yielding
Maize,333.2,Vegetative
Sugarcane,745.9,Vegetative
Cotton,2051.4,Yielding
Cotton,363.7,Vegetative
Rice,549.6,Vegetative
Cotton,381.9,Vegetative
Maize,136.6,Vegetative
Cotton,2002.8,Yielding
Sugarcane,3106.3,Yielding
Sugarcane,2394.7,Flowering
Maize,220.6,Vegetative
Cotton,1477.0,Yielding
Sugarcane,2478.1,Flowering
Sugarcane,3688.4,Yielding
Rice,1764.3,Yielding
Groundnut,591.4,Flowering
Groundnut,147.5,Vegetative
Cotton,488.9,Vegetative
Sugarcane,317.6,Vegetative
Maize,1446.9,Yielding
Cotton,631.9,Vegetative
Groundnut,1413.5,Yielding
Cotton,361.5,Vegetative
Rice,951.6,Flowering
Sugarcane,3725.8,Yielding
Groundnut,1408.1,Yielding
Rice,441.4,Vegetative
Sugarcane,294.8,Vegetative
Rice,135.5,Vegetative
Rice,720.3,Flowering
Sugarcane,746.7,Vegetative
Cotton,2158.7,Yielding
Cotton,781.9,Flowering
Cotton,145.0,Vegetative
Cotton,773.0,Flowering
Groundnut,518.6,Flowering
Maize,746.2,Flowering
Rice,989.4,Flowering
Rice,1170.2,Flowering
Cotton,632.8,Vegetative
Groundnut,1265.7,Yielding
Groundnut,1231.9,Yielding
Maize,1528.6,Yielding
Maize,702.1,Flowering
Groundnut,1433.0,Yielding
Maize,1357.8,Yielding
Maize,363.9,Vegetative
Maize,1393.1,Yielding
Maize,389.8,Vegetative
Groundnut,618.2,Flowering
Groundnut,1057.3,Yielding
Groundnut,1289.9,Yielding
Maize,93.9,Vegetative
Cotton,1510.7,Yielding
Rice,1170.3,Flowering
Maize,1359.1,Yielding
Cotton,1455.7,Yielding
Groundnut,1530.4,Yielding
Cotton,521.6,Vegetative
Cotton,1611.4,Yielding
Cotton,2055.2,Yielding
Cotton,1972.0,Yielding
Sugarcane,3422.2,Yielding
Groundnut,1343.3,Yielding
Rice,818.1,Flowering
Maize,496.4,Vegetative
Rice,1681.6,Yielding
Groundnut,418.3,Vegetative
Maize,291.4,Vegetative
Cotton,1491.1,Yielding
Groundnut,640.8,Flowering
Rice,1222.4,Yielding
Sugarcane,2080.7,Flowering
Maize,847.8,Flowering
Sugarcane,159.6,Vegetative
Maize,843.1,Flowering
Cotton,1036.6,Flowering
Cotton,1777.5,Yielding
Sugarcane,639.8,Vegetative
Cotton,2150.0,Yielding
Cotton,954.9,Flowering
Cotton,1842.0,Yielding
Sugarcane,3065.7,Yielding
Maize,1.9,Vegetative
Rice,1315.8,Yielding
Maize,868.7,Flowering
Groundnut,387.2,Vegetative
Groundnut,655.8,Flowering
Groundnut,1445.0,Yielding
Sugarcane,4103.7,Yielding
Cotton,842.8,Flowering
Sugarcane,789.6,Vegetative
Cotton,1209.4,Flowering
Rice,1106.8,Flowering
Maize,1348.6,Yielding
Sugarcane,2406.9,Flowering
Cotton,2139.7,Yielding
Rice,1208.7,Yielding
Maize,463.0,Vegetative
Maize,13.6,Vegetative
Rice,985.2,Flowering
Cotton,1881.6,Yielding
Groundnut,440.6,Vegetative
Cotton,398.5,Vegetative
Groundnut,760.6,Flowering
Groundnut,1346.2,Yielding
Maize,1257.9,Yielding
Groundnut,370.7,Vegetative
Rice,65.5,Vegetative
Sugarcane,893.4,Vegetative
Sugarcane,3280.2,Yielding
Maize,1434.1,Yielding
Maize,657.7,Flowering
Maize,1378.3,Yielding
Cotton,1278.8,Flowering
Sugarcane,2750.1,Flowering
Rice,26.0,Vegetative
Rice,1712.0,Yielding
Cotton,610.8,Vegetative
Maize,1161.6,Yielding
Sugarcane,398.7,Vegetative
Cotton,295.2,Vegetative
Maize,1066.6,Flowering
Groundnut,861.8,Flowering
Cotton,757.7,Flowering
Groundnut,929.5,Flowering
Maize,759.6,Flowering
Sugarcane,4340.8,Yielding
Cotton,1446.3,Yielding
Cotton,1763.5,Yielding
Groundnut,877.9,Flowering
Cotton,26.3,Vegetative
Cotton,34.3,Vegetative
Groundnut,582.7,Flowering
Cotton,385.8,Vegetative
Maize,1132.4,Yielding
Groundnut,142.0,Vegetative
Sugarcane,1573.0,Flowering
Cotton,1982.3,Yielding
Rice,587.2,Vegetative
Rice,1569.9,Yielding
Maize,1615.4,Yielding
Sugarcane,3691.4,Yielding
Maize,814.4,Flowering
Cotton,155.4,Vegetative
Maize,257.2,Vegetative
Rice,1613.8,Yielding
Maize,1503.2,Yielding
Rice,1614.3,Yielding
Cotton,131.0,Vegetative
Rice,145.0,Vegetative
Rice,1234.4,Yielding
Groundnut,1049.6,Yielding
Rice,980.6,Flowering
Cotton,404.8,Vegetative
Cotton,32.5,Vegetative
Rice,811.1,Flowering
Rice,817.5,Flowering
Rice,176.9,Vegetative
Cotton,2134.6,Yielding
Sugarcane,1637.1,Flowering
Cotton,1602.5,Yielding
Maize,947.8,Flowering
Groundnut,916.8,Flowering
Sugarcane,518.6,Vegetative
Groundnut,1412.5,Yielding
Rice,1178.9,Flowering
Groundnut,1244.1,Yielding
Groundnut,1311.8,Yielding
Maize,1060.2,Flowering
Cotton,254.8,Vegetative
Maize,284.8,Vegetative
Maize,818.4,Flowering
Rice,684.6,Flowering
Sugarcane,3587.3,Yielding
Cotton,694.1,Vegetative
Maize,839.5,Flowering
Cotton,828.8,Flowering
Sugarcane,2327.1,Flowering
Cotton,859.3,Flowering
Rice,278.5,Vegetative
Cotton,289.3,Vegetative
Cotton,320.9,Vegetative
Sugarcane,1242.1,Vegetative
Cotton,995.4,Flowering
Rice,850.2,Flowering
Sugarcane,2516.2,Flowering
Rice,133.0,Vegetative
Maize,748.2,Flowering
Cotton,1171.4,Flowering
Maize,981.6,Flowering
Groundnut,484.9,Vegetative
Groundnut,802.3,Flowering
Sugarcane,263.5,Vegetative
Maize,1028.9,Flowering
Sugarcane,617.0,Vegetative
Maize,1370.7,Yielding
Sugarcane,4331.4,Yielding
Cotton,413.6,Vegetative
Maize,57.1,Vegetative
Sugarcane,3921.3,Yielding
Cotton,1144.7,Flowering
Sugarcane,1764.2,Flowering
Maize,103.7,Vegetative
Sugarcane,1796.8,Flowering
Rice,1140.7,Flowering
Maize,1073.2,Flowering
Rice,1024.7,Flowering
Maize,1628.3,Yielding
Groundnut,1203.5,Yielding
Maize,416.2,Vegetative
Sugarcane,34.0,Vegetative
Rice,1509.1,Yielding
Sugarcane,2520.4,Flowering
Cotton,1987.7,Yielding
Maize,1209.8,Yielding
Cotton,259.9,Vegetative
Cotton,993.1,Flowering
Cotton,689.6,Vegetative
Maize,1082.7,Flowering
Sugarcane,2587.2,Flowering
Cotton,415.0,Vegetative
Sugarcane,834.1,Vegetative
Groundnut,1114.5,Yielding
Cotton,474.5,Vegetative
Groundnut,196.2,Vegetative
Cotton,1884.8,Yielding
Maize,686.7,Flowering
Groundnut,19.4,Vegetative
Sugarcane,2153.3,Flowering
Sugarcane,583.3,Vegetative
Rice,1200.5,Yielding
Groundnut,803.1,Flowering
Maize,426.8,Vegetative
Groundnut,263.7,Vegetative
Cotton,671.6,Vegetative
Cotton,459.6,Vegetative
Cotton,1211.2,Flowering
Maize,939.8,Flowering
Groundnut,356.5,Vegetative
Cotton,944.8,Flowering
Groundnut,738.2,Flowering
Groundnut,689.7,Flowering
Cotton,276.3,Vegetative
Maize,846.0,Flowering
Maize,212.1,Vegetative
Maize,1167.6,Yielding
Cotton,1411.7,Yielding
Rice,677.8,Flowering
Sugarcane,2638.6,Flowering
Cotton,1655.8,Yielding
Cotton,135.0,Vegetative
Rice,1076.4,Flowering
Rice,198.1,Vegetative
Sugarcane,947.5,Vegetative
Cotton,1608.7,Yielding
Cotton,455.1,Vegetative
Rice,102.6,Vegetative
Rice,1209.2,Yielding
Rice,1105.3,Flowering
Maize,966.7,Flowering
Cotton,1585.2,Yielding
Rice,734.8,Flowering
Groundnut,1356.4,Yielding
Groundnut,1251.1,Yielding
Rice,1561.1,Yielding
Cotton,1641.8,Yielding
Cotton,1859.1,Yielding
Groundnut,594.3,Flowering
Sugarcane,2143.4,Flowering
Groundnut,1015.5,Yielding
Rice,1636.4,Yielding
Rice,1420.0,Yielding
Rice,629.7,Flowering
Groundnut,1554.1,Yielding
Groundnut,1565.1,Yielding
Rice,113.1,Vegetative
Rice,1602.4,Yielding
Groundnut,533.9,Flowering
Maize,1557.7,Yielding
Sugarcane,3650.6,Yielding
Maize,599.3,Flowering
Cotton,994.8,Flowering
Maize,469.4,Vegetative
Sugarcane,1099.0,Vegetative
Rice,932.7,Flowering
Sugarcane,3634.6,Yielding
Sugarcane,883.1,Vegetative
Maize,1461.1,Yielding
Maize,1274.8,Yielding
Sugarcane,4397.9,Yielding
Cotton,594.7,Vegetative
Rice,1391.3,Yielding
Sugarcane,646.6,Vegetative
Cotton,17.2,Vegetative
Maize,1241.1,Yielding
Rice,592.4,Vegetative
Maize,495.0,Vegetative
Maize,775.0,Flowering
Sugarcane,2965.1,Flowering
Cotton,214.3,Vegetative
Cotton,1640.5,Yielding
Rice,1562.6,Yielding
Sugarcane,4201.9,Yielding
Groundnut,1006.4,Yielding
Rice,1014.8,Flowering
Maize,1007.5,Flowering
Maize,1024.9,Flowering
Cotton,83.0,Vegetative
Maize,1443.4,Yielding
Maize,284.6,Vegetative
Rice,1077.3,Flowering
Sugarcane,1664.6,Flowering
Maize,464.0,Vegetative
Rice,675.8,Flowering
Rice,1014.4,Flowering
Rice,1436.3,Yielding
Groundnut,1217.7,Yielding
Groundnut,1132.7,Yielding
Rice,1600.6,Yielding
Maize,1107.0,Yielding
Maize,434.0,Vegetative
Groundnut,354.5,Vegetative
Sugarcane,3060.6,Yielding
Rice,551.9,Vegetative
Cotton,5.6,Vegetative
Rice,1601.6,Yielding
Maize,1514.1,Yielding
Sugarcane,512.6,Vegetative
Groundnut,1398.6,Yielding
Groundnut,1408.2,Yielding
Cotton,1725.5,Yielding
Cotton,707.0,Flowering
Maize,1588.1,Yielding
Maize,650.7,Flowering
Sugarcane,1680.9,Flowering
Groundnut,69.2,Vegetative
Groundnut,502.4,Flowering
Maize,95.0,Vegetative
Maize,614.6,Flowering
Rice,1094.4,Flowering
Groundnut,959.5,Flowering
Rice,429.5,Vegetative
Cotton,1545.8,Yielding
Rice,1749.3,Yielding
Sugarcane,3416.2,Yielding
Groundnut,803.2,Flowering
Sugarcane,217.8,Vegetative
Sugarcane,3637.3,Yielding
Groundnut,109.1,Vegetative
Groundnut,1276.2,Yielding
Sugarcane,2071.5,Flowering
Rice,309.0,Vegetative
Maize,692.0,Flowering
Groundnut,83.1,Vegetative
Sugarcane,1841.3,Flowering
Maize,81.9,Vegetative
Sugarcane,1204.9,Vegetative
Rice,592.9,Vegetative
Cotton,1127.7,Flowering
Sugarcane,1628.1,Flowering
Maize,788.2,Flowering
Groundnut,373.2,Vegetative
Maize,1521.7,Yielding
Groundnut,949.7,Flowering
Sugarcane,3215.9,Yielding
Sugarcane,3753.3,Yielding
Groundnut,1373.9,Yielding
Sugarcane,3063.8,Yielding
Groundnut,670.9,Flowering
Maize,440.8,Vegetative
Rice,1253.3,Yielding
Sugarcane,3845.4,Yielding
Rice,1651.0,Yielding
Cotton,353.6,Vegetative
Rice,937.3,Flowering
Sugarcane,213.2,Vegetative
Rice,1430.0,Yielding
Groundnut,748.2,Flowering
Cotton,1621.6,Yielding
Cotton,664.9,Vegetative
Rice,1623.8,Yielding
Maize,514.4,Vegetative
Rice,1189.3,Flowering
Sugarcane,951.0,Vegetative
Maize,1528.7,Yielding
Groundnut,749.3,Flowering
Maize,661.4,Flowering
Sugarcane,246.1,Vegetative
Sugarcane,3969.9,Yielding
Groundnut,85.7,Vegetative
Maize,1515.3,Yielding
Maize,266.7,Vegetative
Rice,728.6,Flowering
Rice,405.6,Vegetative
Groundnut,491.5,Vegetative
Sugarcane,1913.3,Flowering
Cotton,1108.9,Flowering
Maize,206.4,Vegetative
Groundnut,1369.5,Yielding
Maize,373.6,Vegetative
Groundnut,383.4,Vegetative
Sugarcane,570.8,Vegetative
Sugarcane,4459.7,Yielding
Sugarcane,4104.7,Yielding
Maize,1083.2,Flowering
Cotton,838.6,Flowering
Maize,1196.2,Yielding
Maize,894.9,Flowering
Sugarcane,898.7,Vegetative
Rice,438.2,Vegetative
Cotton,1069.6,Flowering
Sugarcane,3616.0,Yielding
Rice,934.0,Flowering
Maize,1444.4,Yielding
Groundnut,1190.8,Yielding
Cotton,983.7,Flowering
Sugarcane,4011.3,Yielding
Sugarcane,2783.1,Flowering
Sugarcane,758.5,Vegetative
Maize,555.9,Flowering
Cotton,674.9,Vegetative
Groundnut,806.3,Flowering
Groundnut,1288.8,Yielding
Groundnut,1338.7,Yielding
Sugarcane,1502.8,Flowering
Maize,878.6,Flowering
Cotton,283.5,Vegetative
Groundnut,283.2,Vegetative
Groundnut,1257.4,Yielding
Groundnut,1432.8,Yielding
Maize,408.2,Vegetative
Cotton,576.4,Vegetative
Cotton,698.6,Vegetative
Maize,1594.2,Yielding
Sugarcane,3138.6,Yielding
Cotton,1043.0,Flowering
Maize,1393.2,Yielding
Cotton,851.0,Flowering
Rice,2.2,Vegetative
Cotton,1279.4,Flowering
Rice,284.7,Vegetative
Cotton,1905.8,Yielding
Rice,151.0,Vegetative
Sugarcane,4494.4,Yielding
Groundnut,821.3,Flowering
Groundnut,948.5,Flowering
Rice,350.9,Vegetative
Groundnut,649.0,Flowering
Groundnut,1374.3,Yielding
Rice,319.9,Vegetative
Cotton,1181.4,Flowering
Rice,1400.9,Yielding
Cotton,567.3,Vegetative
Maize,497.0,Vegetative
Cotton,1393.9,Flowering
Sugarcane,910.8,Vegetative
Cotton,974.4,Flowering
Sugarcane,1290.6,Vegetative
Rice,1673.1,Yielding
Sugarcane,4062.1,Yielding
Groundnut,848.0,Flowering
Groundnut,1359.6,Yielding
Maize,1454.0,Yielding
Maize,1391.7,Yielding
Groundnut,1202.3,Yielding
Cotton,1552.4,Yielding
Groundnut,147.1,Vegetative
Maize,382.8,Vegetative
Rice,116.0,Vegetative
Cotton,1350.5,Flowering
Groundnut,738.6,Flowering
Rice,222.4,Vegetative
Rice,1115.0,Flowering
Maize,1638.7,Yielding
Groundnut,230.6,Vegetative
Groundnut,194.5,Vegetative
Cotton,1271.7,Flowering
Rice,1793.5,Yielding
Sugarcane,2420.4,Flowering
Maize,1289.6,Yielding
Sugarcane,375.7,Vegetative
Rice,436.2,Vegetative
Sugarcane,1158.1,Vegetative
Sugarcane,520.6,Vegetative
Cotton,1566.2,Yielding
Sugarcane,2124.6,Flowering
Rice,1540.0,Yielding
Cotton,916.7,Flowering
Rice,155.6,Vegetative
Sugarcane,1442.3,Vegetative
Groundnut,889.5,Flowering
Maize,463.8,Vegetative
Rice,1564.4,Yielding
Cotton,1867.4,Yielding
Rice,1149.2,Flowering
Sugarcane,119.3,Vegetative
Sugarcane,2525.7,Flowering
Sugarcane,2922.7,Flowering
Sugarcane,1988.3,Flowering
Maize,1614.1,Yielding
Groundnut,742.5,Flowering
Maize,838.6,Flowering
Groundnut,859.8,Flowering
Sugarcane,2669.9,Flowering
Groundnut,449.4,Vegetative
Maize,689.4,Flowering
Groundnut,1571.6,Yielding
Maize,1652.1,Yielding
Cotton,193.4,Vegetative
Maize,479.8,Vegetative
Maize,1227.6,Yielding
Groundnut,1180.2,Yielding
Rice,853.9,Flowering
Rice,842.1,Flowering
Rice,165.2,Vegetative
Sugarcane,3307.4,Yielding
Rice,303.3,Vegetative
Cotton,748.0,Flowering
Rice,685.5,Flowering
Rice,30.7,Vegetative
Cotton,134.7,Vegetative
Sugarcane,2776.3,Flowering
Sugarcane,3524.4,Yielding
Rice,1205.6,Yielding
Rice,191.9,Vegetative
Rice,1637.3,Yielding
Sugarcane,423.6,Vegetative
Groundnut,1520.4,Yielding
Groundnut,415.9,Vegetative
Groundnut,804.9,Flowering
Cotton,235.8,Vegetative
Maize,885.6,Flowering
Sugarcane,1956.2,Flowering
Groundnut,32.3,Vegetative
Groundnut,1343.9,Yielding
Cotton,2085.2,Yielding
Sugarcane,1249.2,Vegetative
Groundnut,896.2,Flowering
Sugarcane,2185.1,Flowering
Maize,286.3,Vegetative
Cotton,2195.6,Yielding
Maize,401.6,Vegetative
Groundnut,1074.6,Yielding
Maize,459.7,Vegetative
Cotton,569.4,Vegetative
Sugarcane,3164.3,Yielding
Sugarcane,3920.0,Yielding
Sugarcane,1035.4,Vegetative
Maize,1276.0,Yielding
Cotton,456.2,Vegetative
Rice,893.1,Flowering
Groundnut,1241.4,Yielding
Cotton,405.2,Vegetative
Sugarcane,2091.1,Flowering
Cotton,1448.9,Yielding
Groundnut,866.8,Flowering
Cotton,74.8,Vegetative
Groundnut,452.8,Vegetative
Maize,1284.3,Yielding
Cotton,2080.0,Yielding
Rice,1674.5,Yielding
Groundnut,891.6,Flowering
Cotton,475.7,Vegetative
Sugarcane,2200.9,Flowering
Maize,879.3,Flowering
Sugarcane,4346.7,Yielding
Rice,510.0,Vegetative
Rice,1356.7,Yielding
Sugarcane,1178.5,Vegetative
Groundnut,1431.3,Yielding
Cotton,540.6,Vegetative
Cotton,1592.5,Yielding
Sugarcane,1801.2,Flowering
Cotton,614.1,Vegetative
Groundnut,984.7,Flowering
Rice,271.4,Vegetative
Maize,1476.9,Yielding
Groundnut,487.4,Vegetative
Groundnut,1249.6,Yielding
Sugarcane,326.9,Vegetative
Rice,1045.1,Flowering
