Crop_Type,Crop_Stage,Field_Size_Acres,Target_N_kg,Target_P_kg,Target_K_kg
Rice,Flowering,2.39,28.7,0.0,24.3
Cotton,Vegetative,2.2,35.7,26.0,26.5
Maize,Yielding,2.84,0.0,0.0,0.0
Rice,Vegetative,0.86,20.3,17.2,8.6
Maize,Flowering,0.94,23.4,0.0,9.4
Groundnut,Vegetative,1.28,5.2,18.1,25.9
Cotton,Flowering,0.96,11.6,0.0,5.7
Maize,Flowering,1.54,38.4,0.0,15.2
Rice,Vegetative,0.82,19.4,16.4,8.2
Groundnut,Flowering,3.22,0.0,0.0,32.3
Maize,Vegetative,3.26,82.6,49.3,32.4
Maize,Vegetative,4.73,119.9,69.9,47.0
Groundnut,Flowering,3.51,0.0,0.0,35.2
Cotton,Vegetative,1.23,19.5,14.7,14.7
Maize,Vegetative,3.81,95.8,57.8,38.5
Groundnut,Vegetative,3.89,15.5,54.2,78.6
Cotton,Yielding,3.37,40.8,0.0,19.9
Sugarcane,Flowering,3.43,151.4,0.0,51.2
Maize,Flowering,2.17,54.1,0.0,21.9
Cotton,Vegetative,0.77,12.5,9.2,9.3
Groundnut,Vegetative,4.23,16.9,59.8,85.6
Maize,Yielding,1.63,0.0,0.0,0.0
Rice,Vegetative,3.18,77.6,63.1,32.4
Rice,Vegetative,1.28,31.1,25.8,12.8
Maize,Yielding,2.83,0.0,0.0,0.0
Rice,Vegetative,2.71,65.4,53.2,27.6
Sugarcane,Flowering,1.56,71.5,0.0,23.1
Cotton,Vegetative,1.26,20.0,15.2,14.9
Rice,Flowering,4.01,48.1,0.0,40.2
Cotton,Yielding,4.63,56.6,0.0,27.8
Rice,Yielding,3.6,43.3,0.0,0.0
Sugarcane,Flowering,3.65,162.2,0.0,53.7
Groundnut,Vegetative,1.15,4.6,16.0,23.2
Maize,Flowering,1.54,39.2,0.0,15.5
Maize,Vegetative,2.88,71.2,42.9,29.1
Groundnut,Yielding,4.6,0.0,0.0,0.0
Rice,Flowering,4.18,50.2,0.0,41.1
Rice,Flowering,2.68,32.5,0.0,27.2
Groundnut,Yielding,2.67,0.0,0.0,0.0
Cotton,Yielding,4.87,57.9,0.0,29.4
Cotton,Yielding,4.55,55.6,0.0,27.7
Maize,Vegetative,3.98,100.8,58.6,40.5
Maize,Flowering,4.17,104.2,0.0,41.4
Groundnut,Yielding,1.63,0.0,0.0,0.0
Groundnut,Yielding,0.64,0.0,0.0,0.0
Groundnut,Vegetative,1.78,7.2,25.0,34.9
Cotton,Yielding,1.01,12.0,0.0,6.2
Cotton,Vegetative,4.45,72.1,53.2,54.1
Sugarcane,Yielding,1.36,27.1,0.0,20.6
Sugarcane,Vegetative,3.36,153.0,83.2,49.6
Cotton,Flowering,1.48,18.1,0.0,9.0
Maize,Flowering,4.86,123.0,0.0,48.0
Rice,Yielding,1.5,17.7,0.0,0.0
Sugarcane,Yielding,3.49,68.9,0.0,51.9
Rice,Vegetative,1.17,28.6,23.9,11.8
Cotton,Yielding,0.51,6.1,0.0,3.0
Groundnut,Yielding,4.57,0.0,0.0,0.0
Groundnut,Vegetative,4.67,18.5,64.7,93.2
Cotton,Yielding,3.21,39.2,0.0,19.4
Maize,Flowering,1.44,35.4,0.0,14.1
Cotton,Flowering,4.56,55.3,0.0,26.9
Sugarcane,Flowering,3.68,165.0,0.0,54.8
Cotton,Yielding,2.08,24.6,0.0,12.4
Sugarcane,Flowering,3.31,150.1,0.0,50.2
Groundnut,Yielding,1.25,0.0,0.0,0.0
Sugarcane,Yielding,3.45,68.2,0.0,52.1
Rice,Flowering,0.71,8.7,0.0,7.2
Sugarcane,Flowering,2.35,104.4,0.0,35.4
Groundnut,Flowering,4.21,0.0,0.0,42.5
Maize,Flowering,4.53,114.2,0.0,45.0
Groundnut,Vegetative,0.6,2.4,8.5,12.1
Rice,Flowering,1.58,19.1,0.0,15.9
Maize,Yielding,2.88,0.0,0.0,0.0
Maize,Yielding,0.89,0.0,0.0,0.0
Sugarcane,Yielding,0.98,19.7,0.0,14.4
Maize,Yielding,0.7,0.0,0.0,0.0
Cotton,Vegetative,2.78,45.2,33.7,33.5
Groundnut,Yielding,3.61,0.0,0.0,0.0
Groundnut,Vegetative,0.97,3.9,13.8,19.1
Cotton,Flowering,1.98,24.0,0.0,12.0
Cotton,Yielding,3.18,37.5,0.0,19.2
Cotton,Flowering,4.39,52.5,0.0,26.4
Rice,Vegetative,0.99,23.9,20.1,9.9
Rice,Flowering,0.82,10.0,0.0,8.4
Sugarcane,Yielding,1.0,20.1,0.0,14.9
Groundnut,Yielding,1.31,0.0,0.0,0.0
Groundnut,Vegetative,3.46,13.7,47.8,70.1
Maize,Vegetative,0.99,24.7,14.9,9.9
Maize,Flowering,1.52,38.1,0.0,15.4
Rice,Yielding,4.02,47.7,0.0,0.0
Maize,Yielding,4.5,0.0,0.0,0.0
Cotton,Yielding,1.61,19.4,0.0,9.6
Sugarcane,Vegetative,3.94,174.8,97.7,59.4
Cotton,Flowering,4.7,56.2,0.0,28.1
Sugarcane,Vegetative,4.5,204.1,113.7,68.1
Maize,Flowering,0.57,14.3,0.0,5.6
Sugarcane,Vegetative,4.75,211.2,118.5,70.7
Rice,Yielding,2.31,28.2,0.0,0.0
Rice,Flowering,1.15,13.6,0.0,11.4
Maize,Vegetative,1.46,37.2,22.0,14.8
Maize,Vegetative,3.24,81.2,49.2,32.9
Rice,Yielding,3.7,44.1,0.0,0.0
Maize,Yielding,0.64,0.0,0.0,0.0
Maize,Flowering,1.31,32.7,0.0,13.3
Rice,Yielding,0.81,9.9,0.0,0.0
Maize,Yielding,3.65,0.0,0.0,0.0
Maize,Flowering,2.24,56.2,0.0,22.2
Groundnut,Flowering,1.37,0.0,0.0,13.7
Maize,Yielding,4.39,0.0,0.0,0.0
Maize,Yielding,1.25,0.0,0.0,0.0
Maize,Yielding,1.25,0.0,0.0,0.0
Cotton,Yielding,4.95,58.7,0.0,29.6
Maize,Yielding,1.18,0.0,0.0,0.0
Maize,Yielding,1.87,0.0,0.0,0.0
Maize,Vegetative,3.32,83.9,50.3,32.8
Cotton,Yielding,1.02,12.4,0.0,6.2
Cotton,Vegetative,2.36,37.3,28.8,28.5
Maize,Flowering,3.62,90.4,0.0,36.7
Cotton,Flowering,1.75,21.4,0.0,10.5
Rice,Vegetative,3.12,76.4,63.3,31.5
Rice,Flowering,2.33,27.6,0.0,23.8
Maize,Vegetative,4.68,115.2,70.1,46.0
Sugarcane,Vegetative,4.67,208.7,116.9,69.4
Rice,Yielding,1.38,16.9,0.0,0.0
Groundnut,Vegetative,1.35,5.3,18.9,27.4
Groundnut,Yielding,0.86,0.0,0.0,0.0
Maize,Vegetative,3.97,99.9,59.2,39.2
Cotton,Yielding,2.23,27.2,0.0,13.3
Sugarcane,Flowering,3.06,137.9,0.0,46.3
Groundnut,Flowering,3.21,0.0,0.0,31.9
Groundnut,Flowering,2.99,0.0,0.0,29.7
Cotton,Flowering,4.3,51.2,0.0,25.3
Groundnut,Flowering,4.22,0.0,0.0,43.0
Groundnut,Yielding,1.13,0.0,0.0,0.0
Maize,Yielding,3.09,0.0,0.0,0.0
Rice,Vegetative,2.38,57.0,47.6,23.8
Sugarcane,Yielding,3.89,77.3,0.0,58.5
Rice,Yielding,2.23,27.3,0.0,0.0
Rice,Flowering,3.89,45.8,0.0,39.6
Cotton,Flowering,4.79,58.3,0.0,28.2
Groundnut,Yielding,4.69,0.0,0.0,0.0
Sugarcane,Yielding,0.91,18.3,0.0,13.4
Groundnut,Vegetative,1.52,6.1,21.4,30.8
Cotton,Yielding,3.06,37.3,0.0,18.1
Cotton,Vegetative,1.65,26.3,19.8,19.6
Maize,Vegetative,3.86,96.6,58.9,38.4
Sugarcane,Vegetative,3.91,178.2,97.5,57.9
Sugarcane,Yielding,2.43,48.1,0.0,35.9
Maize,Flowering,1.78,44.1,0.0,17.8
Groundnut,Flowering,3.65,0.0,0.0,36.7
Cotton,Flowering,1.37,16.5,0.0,8.1
Rice,Flowering,4.09,48.7,0.0,40.7
Rice,Vegetative,4.24,102.4,84.5,42.1
Groundnut,Vegetative,3.92,15.7,55.2,79.4
Rice,Vegetative,4.44,104.9,89.1,43.8
Rice,Flowering,3.26,38.7,0.0,32.2
Rice,Flowering,2.75,32.6,0.0,27.7
Sugarcane,Yielding,0.82,16.5,0.0,12.5
Cotton,Flowering,2.31,28.3,0.0,14.0
Maize,Vegetative,2.05,51.0,30.4,20.3
Groundnut,Yielding,0.95,0.0,0.0,0.0
Rice,Yielding,2.82,34.1,0.0,0.0
Maize,Flowering,4.59,116.6,0.0,46.4
Maize,Yielding,2.35,0.0,0.0,0.0
Sugarcane,Flowering,1.61,72.4,0.0,24.6
Cotton,Vegetative,4.73,77.1,57.8,56.4
Sugarcane,Flowering,4.13,186.3,0.0,60.9
Maize,Yielding,1.85,0.0,0.0,0.0
Maize,Flowering,4.82,122.3,0.0,49.1
Groundnut,Flowering,4.81,0.0,0.0,47.9
Cotton,Flowering,2.63,31.2,0.0,15.9
Maize,Yielding,2.13,0.0,0.0,0.0
Sugarcane,Vegetative,3.99,177.9,99.7,60.1
Rice,Vegetative,3.79,90.9,75.9,38.0
Sugarcane,Vegetative,4.66,212.7,115.0,69.0
Cotton,Yielding,3.52,42.2,0.0,21.1
Sugarcane,Yielding,3.52,70.5,0.0,52.0
Groundnut,Vegetative,4.36,17.5,59.9,86.1
Sugarcane,Flowering,1.6,71.6,0.0,24.3
Cotton,Vegetative,3.5,55.8,42.5,42.0
Groundnut,Flowering,3.99,0.0,0.0,39.5
Sugarcane,Vegetative,2.55,114.9,62.8,37.8
Groundnut,Yielding,2.77,0.0,0.0,0.0
Rice,Flowering,1.39,16.9,0.0,14.1
Sugarcane,Vegetative,1.07,48.6,27.3,16.1
Cotton,Vegetative,3.61,57.1,42.7,44.2
Maize,Flowering,3.23,81.4,0.0,32.2
Sugarcane,Yielding,2.7,54.7,0.0,41.0
Cotton,Vegetative,0.61,9.8,7.2,7.4
Cotton,Vegetative,2.12,34.2,25.6,25.5
Cotton,Flowering,3.47,41.2,0.0,20.7
Rice,Flowering,0.62,7.3,0.0,6.1
Cotton,Vegetative,5.0,81.4,59.7,59.4
Cotton,Yielding,3.03,35.7,0.0,18.3
Cotton,Flowering,4.54,53.8,0.0,27.4
Sugarcane,Yielding,3.95,80.5,0.0,59.7
Sugarcane,Flowering,2.82,125.2,0.0,43.0
Cotton,Vegetative,1.66,26.9,20.0,20.3
Rice,Vegetative,1.6,38.3,32.0,16.3
Sugarcane,Flowering,2.88,130.5,0.0,43.3
Groundnut,Flowering,0.96,0.0,0.0,9.7
Groundnut,Vegetative,3.28,13.1,45.5,66.5
Cotton,Vegetative,2.61,41.7,31.5,31.0
Groundnut,Vegetative,2.18,8.8,30.6,43.2
Maize,Yielding,1.95,0.0,0.0,0.0
Groundnut,Vegetative,1.6,6.4,22.8,32.3
Sugarcane,Yielding,4.4,89.6,0.0,66.5
Groundnut,Yielding,4.87,0.0,0.0,0.0
Sugarcane,Yielding,1.69,34.3,0.0,25.1
Rice,Vegetative,4.17,99.6,85.0,41.5
Sugarcane,Yielding,2.29,45.1,0.0,34.1
Groundnut,Vegetative,3.45,13.7,47.4,69.1
Cotton,Vegetative,3.98,64.9,46.9,48.2
Rice,Flowering,2.83,33.8,0.0,28.7
Groundnut,Flowering,1.97,0.0,0.0,19.4
Groundnut,Vegetative,2.81,11.3,39.0,55.6
Sugarcane,Vegetative,0.61,27.3,15.4,9.3
Maize,Flowering,4.26,105.8,0.0,41.9
Cotton,Vegetative,4.94,78.4,58.6,59.3
Cotton,Flowering,4.79,57.5,0.0,29.2
Groundnut,Vegetative,1.17,4.7,16.5,23.2
Rice,Yielding,3.92,47.1,0.0,0.0
Groundnut,Flowering,2.31,0.0,0.0,22.9
Cotton,Yielding,3.82,45.6,0.0,23.1
Sugarcane,Yielding,2.67,52.7,0.0,39.4
Groundnut,Yielding,2.73,0.0,0.0,0.0
Groundnut,Flowering,4.95,0.0,0.0,49.3
Rice,Flowering,2.66,31.3,0.0,27.0
Rice,Flowering,3.61,43.1,0.0,36.6
Cotton,Vegetative,1.33,20.9,16.0,16.2
Rice,Vegetative,1.84,43.9,37.4,18.5
Sugarcane,Flowering,4.66,208.1,0.0,70.6
Groundnut,Vegetative,1.98,7.8,28.0,39.6
Sugarcane,Vegetative,3.68,166.9,92.3,54.1
Groundnut,Yielding,2.2,0.0,0.0,0.0
Rice,Yielding,0.54,6.6,0.0,0.0
Rice,Yielding,3.42,41.6,0.0,0.0
Groundnut,Vegetative,4.05,16.5,57.7,81.5
Rice,Flowering,4.84,58.2,0.0,47.4
Sugarcane,Yielding,1.06,21.3,0.0,16.1
Sugarcane,Vegetative,4.6,205.3,117.0,69.0
Groundnut,Yielding,0.96,0.0,0.0,0.0
Sugarcane,Flowering,3.63,161.5,0.0,54.2
Sugarcane,Yielding,3.14,63.9,0.0,46.8
Groundnut,Flowering,3.72,0.0,0.0,37.7
Rice,Flowering,4.53,54.7,0.0,44.6
Groundnut,Flowering,2.7,0.0,0.0,26.7
Sugarcane,Flowering,4.57,203.6,0.0,69.1
Rice,Flowering,4.58,53.9,0.0,46.1
Maize,Vegetative,4.72,118.9,71.0,47.5
Groundnut,Vegetative,0.58,2.3,8.2,11.8
Rice,Vegetative,4.23,102.7,85.8,42.0
Sugarcane,Vegetative,1.46,66.4,36.7,22.1
Maize,Yielding,0.92,0.0,0.0,0.0
Sugarcane,Yielding,2.51,49.6,0.0,37.6
Sugarcane,Flowering,3.97,177.5,0.0,59.7
Rice,Vegetative,4.23,99.9,82.9,42.7
Rice,Yielding,2.4,28.6,0.0,0.0
Sugarcane,Yielding,2.96,59.0,0.0,43.6
Rice,Flowering,2.87,33.8,0.0,29.1
Sugarcane,Flowering,2.1,92.6,0.0,31.9
Rice,Yielding,4.61,54.4,0.0,0.0
Maize,Flowering,3.74,92.4,0.0,38.0
Rice,Flowering,0.69,8.4,0.0,7.0
Sugarcane,Yielding,2.89,58.8,0.0,43.1
Maize,Yielding,4.19,0.0,0.0,0.0
Groundnut,Vegetative,3.98,16.0,55.3,80.3
Cotton,Yielding,0.53,6.3,0.0,3.1
Groundnut,Flowering,0.75,0.0,0.0,7.6
Sugarcane,Flowering,1.41,64.1,0.0,21.6
Groundnut,Flowering,4.52,0.0,0.0,45.2
Groundnut,Yielding,4.29,0.0,0.0,0.0
Maize,Yielding,3.31,0.0,0.0,0.0
Rice,Vegetative,3.98,95.8,80.0,40.3
Sugarcane,Vegetative,3.74,167.1,93.3,56.2
Rice,Vegetative,0.92,22.2,18.3,9.1
Sugarcane,Vegetative,2.89,127.6,72.8,42.7
Sugarcane,Yielding,0.74,14.6,0.0,11.0
Sugarcane,Yielding,4.75,94.6,0.0,70.5
Cotton,Vegetative,2.07,33.7,24.5,25.0
Maize,Yielding,1.12,0.0,0.0,0.0
Rice,Yielding,2.96,35.2,0.0,0.0
Maize,Yielding,1.57,0.0,0.0,0.0
Maize,Yielding,2.61,0.0,0.0,0.0
Maize,Flowering,4.58,115.5,0.0,46.0
Sugarcane,Flowering,4.22,190.7,0.0,62.1
Sugarcane,Flowering,2.43,107.6,0.0,35.9
Maize,Yielding,1.23,0.0,0.0,0.0
Groundnut,Yielding,4.38,0.0,0.0,0.0
Groundnut,Flowering,3.26,0.0,0.0,33.2
Cotton,Flowering,1.0,12.1,0.0,5.9
Maize,Flowering,4.35,108.4,0.0,43.5
Sugarcane,Vegetative,4.97,225.8,122.7,75.3
Sugarcane,Flowering,4.72,210.6,0.0,71.9
Rice,Yielding,2.11,25.8,0.0,0.0
Cotton,Vegetative,1.43,22.9,17.3,17.3
Rice,Vegetative,3.16,74.6,63.9,31.8
Maize,Flowering,3.72,92.7,0.0,36.9
Sugarcane,Flowering,3.92,174.1,0.0,59.9
Groundnut,Flowering,3.57,0.0,0.0,36.1
Cotton,Yielding,2.22,26.8,0.0,13.5
Groundnut,Vegetative,3.09,12.3,43.3,60.8
Cotton,Yielding,2.07,24.8,0.0,12.6
Groundnut,Flowering,2.48,0.0,0.0,24.9
Rice,Vegetative,1.87,44.9,37.6,19.0
Cotton,Vegetative,3.15,49.8,37.2,37.9
Cotton,Yielding,4.41,52.3,0.0,26.5
Sugarcane,Vegetative,4.14,187.9,103.3,62.7
Rice,Vegetative,3.95,95.6,79.2,38.9
Maize,Yielding,4.38,0.0,0.0,0.0
Groundnut,Vegetative,2.77,11.1,38.9,55.0
Cotton,Flowering,3.87,46.8,0.0,23.5
Rice,Yielding,2.6,31.4,0.0,0.0
Sugarcane,Flowering,0.58,25.6,0.0,8.8
Cotton,Yielding,4.18,49.5,0.0,25.1
Maize,Yielding,3.82,0.0,0.0,0.0
Rice,Yielding,3.78,45.1,0.0,0.0
Maize,Vegetative,2.61,64.1,39.5,26.0
Sugarcane,Yielding,1.51,30.1,0.0,22.2
Cotton,Flowering,3.43,40.9,0.0,20.4
Cotton,Yielding,1.0,11.9,0.0,6.1
Cotton,Flowering,1.96,23.8,0.0,11.6
Groundnut,Flowering,3.24,0.0,0.0,32.4
Groundnut,Vegetative,3.74,15.1,53.2,75.5
Groundnut,Yielding,2.92,0.0,0.0,0.0
Groundnut,Vegetative,4.63,18.5,65.5,91.7
Maize,Vegetative,3.53,90.0,52.0,35.0
Maize,Flowering,1.22,30.1,0.0,12.3
Sugarcane,Vegetative,2.63,118.2,66.4,39.6
Sugarcane,Vegetative,3.46,156.0,86.7,51.8
Cotton,Flowering,0.63,7.7,0.0,3.8
Groundnut,Vegetative,2.64,10.6,36.4,53.5
Maize,Flowering,3.76,94.6,0.0,37.7
Sugarcane,Flowering,4.52,202.8,0.0,67.3
Rice,Flowering,0.88,10.6,0.0,8.6
Rice,Yielding,3.37,41.0,0.0,0.0
Maize,Flowering,3.23,80.2,0.0,32.6
Maize,Flowering,2.2,54.8,0.0,21.6
Maize,Yielding,3.71,0.0,0.0,0.0
Maize,Yielding,2.5,0.0,0.0,0.0
Maize,Vegetative,3.92,98.1,59.4,39.3
Maize,Vegetative,3.17,79.1,48.3,32.2
Sugarcane,Flowering,3.26,145.5,0.0,48.2
Groundnut,Vegetative,3.46,13.7,48.0,68.5
Maize,Yielding,3.61,0.0,0.0,0.0
Rice,Yielding,1.96,23.5,0.0,0.0
Groundnut,Yielding,1.61,0.0,0.0,0.0
Sugarcane,Vegetative,3.25,145.3,81.4,48.4
Groundnut,Flowering,0.84,0.0,0.0,8.5
Cotton,Flowering,0.57,6.7,0.0,3.5
Sugarcane,Flowering,0.51,22.8,0.0,7.6
Cotton,Yielding,1.9,22.4,0.0,11.4
Maize,Yielding,0.73,0.0,0.0,0.0
Groundnut,Yielding,3.93,0.0,0.0,0.0
Cotton,Vegetative,1.93,30.9,23.5,23.0
Cotton,Vegetative,3.96,64.1,47.2,48.2
Sugarcane,Flowering,1.17,53.1,0.0,17.9
Cotton,Yielding,4.4,53.4,0.0,26.6
Groundnut,Yielding,3.26,0.0,0.0,0.0
Rice,Vegetative,3.52,84.2,69.1,34.6
Groundnut,Flowering,2.1,0.0,0.0,20.9
Sugarcane,Yielding,3.92,77.8,0.0,58.3
Sugarcane,Flowering,1.4,63.4,0.0,21.1
Rice,Vegetative,0.89,20.9,17.9,8.8
Groundnut,Vegetative,2.11,8.5,29.0,42.1
Cotton,Vegetative,4.08,65.6,48.3,49.3
Sugarcane,Flowering,4.07,185.8,0.0,60.5
Maize,Flowering,4.41,109.8,0.0,43.8
Groundnut,Flowering,2.42,0.0,0.0,24.4
Sugarcane,Yielding,0.92,18.0,0.0,13.8
Rice,Yielding,3.3,39.8,0.0,0.0
Maize,Flowering,4.07,99.8,0.0,40.9
Maize,Vegetative,1.89,46.9,28.9,18.7
Cotton,Vegetative,4.95,79.4,58.7,58.8
Maize,Vegetative,2.82,71.0,42.6,28.0
Rice,Yielding,0.92,11.2,0.0,0.0
Groundnut,Yielding,4.82,0.0,0.0,0.0
Groundnut,Vegetative,1.83,7.2,25.4,36.3
Maize,Vegetative,3.45,87.5,51.7,34.0
Groundnut,Flowering,4.17,0.0,0.0,41.1
Maize,Vegetative,4.38,109.2,65.7,43.9
Maize,Flowering,2.2,54.6,0.0,21.6
Maize,Flowering,1.59,39.1,0.0,15.7
Rice,Yielding,4.07,49.5,0.0,0.0
Maize,Yielding,1.82,0.0,0.0,0.0
Groundnut,Yielding,0.86,0.0,0.0,0.0
Groundnut,Vegetative,0.79,3.1,11.2,15.9
Maize,Yielding,3.17,0.0,0.0,0.0
Sugarcane,Vegetative,4.26,188.5,108.2,63.6
Sugarcane,Yielding,1.22,24.0,0.0,18.4
Sugarcane,Flowering,2.45,108.5,0.0,36.6
Groundnut,Flowering,2.46,0.0,0.0,24.7
Groundnut,Vegetative,3.51,14.0,49.1,70.2
Groundnut,Flowering,3.06,0.0,0.0,30.3
Rice,Flowering,2.19,25.9,0.0,22.1
Rice,Flowering,2.28,27.7,0.0,22.9
Cotton,Yielding,3.21,38.8,0.0,19.5
Cotton,Yielding,4.11,49.6,0.0,24.6
Cotton,Vegetative,0.82,13.1,9.6,10.0
Cotton,Flowering,4.94,59.1,0.0,29.4
Cotton,Yielding,0.67,8.1,0.0,4.0
Maize,Vegetative,3.25,80.6,48.7,32.1
Groundnut,Yielding,0.71,0.0,0.0,0.0
Groundnut,Vegetative,2.52,10.2,34.7,49.6
Cotton,Vegetative,0.6,9.5,7.2,7.2
Rice,Vegetative,3.06,74.8,62.2,30.7
Rice,Flowering,4.9,59.5,0.0,48.8
Cotton,Yielding,1.27,15.4,0.0,7.7
Sugarcane,Vegetative,4.77,215.4,118.4,71.7
Groundnut,Yielding,1.36,0.0,0.0,0.0
Cotton,Yielding,0.64,7.6,0.0,3.8
Maize,Vegetative,4.6,115.8,69.9,46.1
Cotton,Vegetative,2.9,47.0,35.1,35.0
Groundnut,Vegetative,0.62,2.5,8.6,12.2
Maize,Flowering,2.31,58.6,0.0,23.0
Maize,Vegetative,0.63,15.8,9.6,6.2
Maize,Yielding,0.89,0.0,0.0,0.0
Maize,Vegetative,4.3,107.0,63.2,42.6
Sugarcane,Yielding,1.22,24.7,0.0,18.3
Sugarcane,Vegetative,4.95,226.0,122.3,74.6
Cotton,Flowering,1.23,14.9,0.0,7.3
Groundnut,Flowering,2.94,0.0,0.0,29.5
Rice,Vegetative,1.66,39.9,33.7,16.8
Cotton,Vegetative,2.01,32.1,24.2,23.7
Groundnut,Yielding,4.43,0.0,0.0,0.0
Cotton,Yielding,1.69,20.2,0.0,10.2
Maize,Flowering,1.68,42.6,0.0,16.7
Cotton,Flowering,3.82,45.2,0.0,22.5
Maize,Yielding,3.93,0.0,0.0,0.0
Cotton,Yielding,2.95,36.1,0.0,17.5
Maize,Vegetative,4.69,119.1,69.9,46.0
Sugarcane,Flowering,1.62,74.0,0.0,24.4
Maize,Vegetative,2.63,64.6,40.0,26.7
Groundnut,Flowering,3.56,0.0,0.0,36.3
Cotton,Flowering,3.38,40.2,0.0,20.6
Sugarcane,Vegetative,3.21,142.2,79.2,48.0
Sugarcane,Vegetative,1.19,53.2,29.8,18.2
Maize,Flowering,1.71,43.5,0.0,17.0
Groundnut,Yielding,3.73,0.0,0.0,0.0
Maize,Vegetative,3.47,86.5,51.4,34.7
Groundnut,Flowering,2.34,0.0,0.0,23.8
Rice,Flowering,3.95,47.9,0.0,39.5
Groundnut,Vegetative,3.02,12.2,42.8,60.0
Rice,Yielding,0.6,7.3,0.0,0.0
Cotton,Vegetative,1.29,20.5,15.2,15.7
Rice,Vegetative,2.69,65.8,54.8,26.5
Rice,Vegetative,4.93,117.2,97.8,48.9
Cotton,Yielding,2.29,27.3,0.0,13.5
Sugarcane,Flowering,2.23,100.7,0.0,32.9
Maize,Yielding,2.65,0.0,0.0,0.0
Sugarcane,Flowering,1.76,78.6,0.0,26.1
Maize,Vegetative,1.06,26.9,15.8,10.5
Rice,Yielding,0.72,8.8,0.0,0.0
Cotton,Flowering,4.98,59.4,0.0,29.7
Sugarcane,Yielding,0.79,15.6,0.0,11.9
Cotton,Flowering,1.85,22.5,0.0,10.9
Maize,Flowering,3.49,86.7,0.0,35.0
Maize,Flowering,0.9,22.9,0.0,9.0
Cotton,Vegetative,2.43,38.5,29.2,29.6
Cotton,Vegetative,0.71,11.1,8.4,8.5
Sugarcane,Flowering,3.05,135.2,0.0,46.0
Rice,Flowering,3.01,35.9,0.0,30.7
Cotton,Flowering,4.27,50.4,0.0,26.0
Sugarcane,Flowering,3.04,136.7,0.0,46.4
Sugarcane,Yielding,2.65,53.6,0.0,39.1
Groundnut,Vegetative,3.0,11.9,41.3,59.8
Cotton,Vegetative,0.58,9.3,7.0,7.0
Sugarcane,Yielding,4.7,95.4,0.0,71.2
Sugarcane,Vegetative,3.17,142.9,78.8,47.2
Groundnut,Vegetative,0.73,2.9,10.1,14.7
Maize,Yielding,4.83,0.0,0.0,0.0
Groundnut,Flowering,4.03,0.0,0.0,39.9
Cotton,Yielding,3.93,47.4,0.0,23.3
Sugarcane,Yielding,1.26,24.9,0.0,18.5
Sugarcane,Flowering,2.87,129.1,0.0,42.7
Rice,Vegetative,4.14,98.8,81.2,42.2
Sugarcane,Flowering,3.9,172.4,0.0,58.8
Maize,Flowering,2.72,66.7,0.0,27.3
Cotton,Yielding,0.68,8.3,0.0,4.1
Groundnut,Flowering,3.64,0.0,0.0,37.1
Groundnut,Vegetative,2.76,11.2,38.0,54.3
Rice,Flowering,1.51,18.2,0.0,14.9
Cotton,Vegetative,0.92,15.0,11.1,11.2
Sugarcane,Flowering,2.1,96.0,0.0,31.3
Groundnut,Flowering,4.4,0.0,0.0,43.4
Groundnut,Flowering,1.04,0.0,0.0,10.3
Sugarcane,Flowering,0.5,22.3,0.0,7.4
Rice,Vegetative,1.48,35.2,29.0,14.6
Rice,Flowering,1.43,17.5,0.0,14.5
Sugarcane,Yielding,4.78,94.3,0.0,71.9
Rice,Vegetative,1.72,42.0,34.2,17.3
Sugarcane,Yielding,2.12,42.6,0.0,31.7
Groundnut,Flowering,2.32,0.0,0.0,23.6
Groundnut,Yielding,4.86,0.0,0.0,0.0
Maize,Vegetative,4.18,102.6,62.9,42.2
Sugarcane,Yielding,4.31,87.0,0.0,64.6
Cotton,Yielding,0.77,9.3,0.0,4.6
Rice,Yielding,4.69,55.4,0.0,0.0
Sugarcane,Flowering,3.82,172.4,0.0,57.3
Groundnut,Flowering,2.73,0.0,0.0,27.1
Groundnut,Yielding,3.04,0.0,0.0,0.0
Maize,Vegetative,2.31,58.2,35.3,23.2
Sugarcane,Vegetative,3.87,171.9,95.9,58.3
Rice,Yielding,0.71,8.4,0.0,0.0
Rice,Yielding,1.89,22.3,0.0,0.0
Groundnut,Flowering,3.47,0.0,0.0,34.6
Rice,Vegetative,2.07,50.6,41.1,20.4
Maize,Vegetative,4.8,117.7,72.8,48.5
Maize,Yielding,3.46,0.0,0.0,0.0
Rice,Flowering,4.66,55.4,0.0,47.4
Groundnut,Flowering,2.84,0.0,0.0,28.6
Maize,Yielding,4.05,0.0,0.0,0.0
Sugarcane,Vegetative,0.75,34.1,18.4,11.3
Groundnut,Vegetative,2.35,9.3,33.0,47.2
Rice,Flowering,4.5,53.5,0.0,45.0
Sugarcane,Yielding,3.07,61.3,0.0,46.7
Cotton,Vegetative,4.97,79.0,60.2,58.7
Maize,Yielding,2.8,0.0,0.0,0.0
Groundnut,Yielding,2.4,0.0,0.0,0.0
Rice,Yielding,0.8,9.4,0.0,0.0
Maize,Yielding,1.28,0.0,0.0,0.0
Maize,Vegetative,3.37,83.6,50.1,34.3
Groundnut,Yielding,3.43,0.0,0.0,0.0
Rice,Flowering,3.31,39.7,0.0,33.2
Rice,Yielding,3.61,43.3,0.0,0.0
Sugarcane,Vegetative,3.59,160.5,89.7,54.1
Rice,Flowering,4.19,49.9,0.0,41.6
Maize,Flowering,1.57,39.5,0.0,15.8
Cotton,Yielding,4.61,54.5,0.0,27.2
Rice,Vegetative,4.06,97.0,80.8,41.3
Sugarcane,Vegetative,0.71,32.1,18.0,10.5
Cotton,Vegetative,2.98,47.7,35.3,35.5
Groundnut,Vegetative,2.17,8.7,30.9,42.9
Sugarcane,Yielding,2.38,47.5,0.0,35.6
Maize,Vegetative,3.97,101.1,60.7,39.6
Groundnut,Vegetative,1.09,4.4,15.5,21.5
Cotton,Vegetative,2.56,40.6,30.7,30.6
Rice,Vegetative,1.08,25.7,21.5,10.9
Sugarcane,Yielding,1.03,20.7,0.0,15.7
Cotton,Vegetative,1.09,17.2,13.0,12.9
Maize,Yielding,4.34,0.0,0.0,0.0
Groundnut,Flowering,4.8,0.0,0.0,48.6
Cotton,Flowering,1.02,12.4,0.0,6.1
Sugarcane,Flowering,0.74,32.8,0.0,11.0
Rice,Yielding,3.98,48.3,0.0,0.0
Sugarcane,Yielding,4.32,86.7,0.0,63.8
Groundnut,Yielding,1.08,0.0,0.0,0.0
Cotton,Flowering,3.25,38.3,0.0,19.4
Maize,Vegetative,2.6,65.9,39.3,25.7
Sugarcane,Yielding,2.63,52.9,0.0,39.2
Rice,Flowering,1.68,20.0,0.0,17.0
Groundnut,Vegetative,2.81,11.4,38.7,57.1
Maize,Vegetative,4.9,123.3,74.2,49.0
Groundnut,Flowering,3.4,0.0,0.0,33.7
Groundnut,Vegetative,0.68,2.7,9.4,13.6
Maize,Flowering,3.35,84.7,0.0,34.0
Sugarcane,Vegetative,4.66,208.3,115.6,71.2
Sugarcane,Yielding,3.38,68.7,0.0,51.4
Rice,Flowering,0.58,6.8,0.0,5.7
Rice,Yielding,2.98,35.9,0.0,0.0
Rice,Yielding,4.57,55.2,0.0,0.0
Sugarcane,Flowering,1.71,77.4,0.0,25.7
Maize,Vegetative,4.32,107.9,64.8,43.3
Groundnut,Vegetative,2.31,9.4,32.0,46.1
Cotton,Vegetative,4.99,81.3,59.2,60.0
Sugarcane,Yielding,3.69,75.1,0.0,54.3
Maize,Yielding,2.23,0.0,0.0,0.0
Cotton,Yielding,0.63,7.6,0.0,3.8
Sugarcane,Vegetative,2.58,116.7,64.7,38.0
Sugarcane,Flowering,0.54,24.0,0.0,8.0
Groundnut,Yielding,2.77,0.0,0.0,0.0
Maize,Flowering,2.21,54.6,0.0,21.8
Rice,Flowering,3.79,46.1,0.0,38.6
Rice,Flowering,1.21,14.6,0.0,12.2
Maize,Yielding,4.1,0.0,0.0,0.0
Maize,Yielding,3.62,0.0,0.0,0.0
Groundnut,Yielding,3.72,0.0,0.0,0.0
Maize,Flowering,3.96,99.6,0.0,39.8
Rice,Yielding,3.94,47.9,0.0,0.0
Groundnut,Vegetative,2.82,11.2,40.0,57.2
Sugarcane,Yielding,2.2,44.2,0.0,33.2
Sugarcane,Vegetative,1.42,64.1,35.4,21.6
Maize,Yielding,1.07,0.0,0.0,0.0
Rice,Vegetative,1.06,25.3,21.4,10.4
Rice,Flowering,4.51,54.0,0.0,45.7
Groundnut,Vegetative,0.86,3.4,12.2,16.9
Sugarcane,Yielding,4.24,83.6,0.0,63.3
Rice,Vegetative,2.89,68.8,56.7,28.8
Groundnut,Yielding,4.99,0.0,0.0,0.0
Groundnut,Flowering,4.61,0.0,0.0,46.6
Sugarcane,Vegetative,4.02,182.1,100.4,60.4
Maize,Vegetative,2.11,52.2,31.1,21.4
Maize,Flowering,4.89,119.9,0.0,48.0
Sugarcane,Vegetative,4.47,203.6,112.3,68.3
Groundnut,Flowering,4.16,0.0,0.0,41.0
Cotton,Vegetative,2.47,39.3,30.0,29.2
Groundnut,Yielding,2.35,0.0,0.0,0.0
Groundnut,Yielding,2.38,0.0,0.0,0.0
Maize,Vegetative,3.62,92.2,54.9,36.9
Groundnut,Flowering,3.26,0.0,0.0,32.0
Sugarcane,Vegetative,1.73,77.6,43.7,25.5
Groundnut,Flowering,4.36,0.0,0.0,43.3
Maize,Flowering,1.7,42.1,0.0,16.7
Rice,Vegetative,4.97,117.5,98.3,49.8
Groundnut,Flowering,3.21,0.0,0.0,31.8
Rice,Yielding,2.34,27.9,0.0,0.0
Cotton,Flowering,3.23,38.7,0.0,19.2
Sugarcane,Flowering,0.68,30.1,0.0,10.1
Rice,Yielding,1.14,13.6,0.0,0.0
Rice,Vegetative,3.33,81.0,67.9,33.2
Groundnut,Yielding,1.28,0.0,0.0,0.0
Rice,Flowering,4.22,51.1,0.0,41.4
Maize,Flowering,1.81,45.7,0.0,18.4
Maize,Flowering,1.29,32.2,0.0,13.1
Cotton,Vegetative,4.35,68.6,52.0,51.3
Groundnut,Flowering,0.85,0.0,0.0,8.5
Groundnut,Flowering,0.79,0.0,0.0,7.8
Cotton,Vegetative,4.37,69.5,51.6,51.8
Maize,Vegetative,3.22,79.9,47.8,31.7
Rice,Flowering,3.8,46.3,0.0,38.3
Maize,Vegetative,4.87,121.2,74.0,48.0
Groundnut,Vegetative,3.87,15.6,54.4,78.9
Rice,Yielding,4.49,53.0,0.0,0.0
Groundnut,Flowering,1.58,0.0,0.0,15.9
Rice,Vegetative,4.58,111.9,90.6,45.8
Cotton,Flowering,2.93,34.7,0.0,17.3
Groundnut,Yielding,1.31,0.0,0.0,0.0
Rice,Yielding,4.79,58.3,0.0,0.0
Sugarcane,Yielding,1.58,31.2,0.0,23.7
Rice,Yielding,4.43,53.4,0.0,0.0
Groundnut,Yielding,3.08,0.0,0.0,0.0
Cotton,Yielding,0.94,11.3,0.0,5.7
Groundnut,Yielding,1.93,0.0,0.0,0.0
Groundnut,Yielding,4.85,0.0,0.0,0.0
Maize,Flowering,3.88,98.6,0.0,38.7
Maize,Yielding,4.9,0.0,0.0,0.0
Groundnut,Yielding,1.2,0.0,0.0,0.0
Maize,Vegetative,2.06,52.4,31.1,20.6
Groundnut,Vegetative,4.84,19.6,67.7,95.8
Groundnut,Flowering,3.18,0.0,0.0,32.0
Rice,Yielding,2.28,26.8,0.0,0.0
Cotton,Vegetative,3.65,57.8,43.6,43.1
Maize,Vegetative,4.31,108.5,63.5,42.3
Groundnut,Yielding,3.12,0.0,0.0,0.0
Groundnut,Vegetative,2.82,11.3,39.5,56.6
Rice,Vegetative,1.35,32.3,26.8,13.3
Sugarcane,Flowering,3.78,168.8,0.0,57.7
Cotton,Vegetative,4.87,78.6,59.2,57.3
Rice,Yielding,4.42,53.8,0.0,0.0
Maize,Vegetative,4.51,112.1,68.3,45.7
Maize,Vegetative,1.16,29.1,17.2,11.8
Sugarcane,Flowering,1.97,89.1,0.0,29.8
Groundnut,Vegetative,3.56,14.1,50.5,72.1
Maize,Vegetative,2.07,52.5,31.4,20.5
Sugarcane,Flowering,1.54,70.1,0.0,22.9
Rice,Vegetative,3.26,77.3,65.2,32.9
Maize,Yielding,2.08,0.0,0.0,0.0
Groundnut,Vegetative,3.78,14.9,52.1,75.2
Groundnut,Flowering,2.57,0.0,0.0,25.3
Sugarcane,Flowering,2.77,125.4,0.0,41.6
Sugarcane,Vegetative,2.78,123.8,69.8,41.7
Groundnut,Vegetative,2.13,8.5,29.6,42.3
Cotton,Vegetative,4.26,68.3,50.3,50.7
Maize,Yielding,4.52,0.0,0.0,0.0
Rice,Flowering,2.3,28.1,0.0,22.7
Rice,Flowering,0.71,8.6,0.0,7.0
Cotton,Flowering,3.01,36.6,0.0,18.2
Sugarcane,Yielding,2.49,49.9,0.0,38.0
Sugarcane,Flowering,1.51,68.0,0.0,22.7
Maize,Yielding,4.35,0.0,0.0,0.0
Rice,Yielding,2.49,30.0,0.0,0.0
Rice,Vegetative,4.8,116.8,95.4,47.4
Maize,Yielding,2.4,0.0,0.0,0.0
Rice,Yielding,3.42,41.0,0.0,0.0
Sugarcane,Yielding,1.46,28.7,0.0,21.8
Maize,Flowering,3.17,80.4,0.0,31.7
Groundnut,Vegetative,0.82,3.2,11.5,16.3
Sugarcane,Vegetative,2.3,105.0,57.3,34.0
Sugarcane,Yielding,4.43,87.7,0.0,66.5
Sugarcane,Yielding,0.92,18.6,0.0,13.5
Rice,Vegetative,3.52,83.5,71.6,34.6
Sugarcane,Vegetative,1.6,71.1,39.7,24.0
Rice,Vegetative,2.3,56.0,46.3,23.1
Cotton,Flowering,2.07,24.6,0.0,12.2
Groundnut,Yielding,4.6,0.0,0.0,0.0
Groundnut,Yielding,0.84,0.0,0.0,0.0
Sugarcane,Yielding,4.36,88.5,0.0,66.1
Cotton,Flowering,3.94,46.5,0.0,23.9
Cotton,Flowering,4.87,58.2,0.0,29.1
Cotton,Vegetative,4.71,76.3,55.4,55.4
Rice,Yielding,4.57,54.6,0.0,0.0
Groundnut,Vegetative,4.49,17.7,63.7,89.7
Rice,Flowering,0.94,11.4,0.0,9.4
Sugarcane,Flowering,0.69,31.2,0.0,10.2
Maize,Vegetative,0.65,16.3,9.9,6.5
Sugarcane,Vegetative,2.32,102.4,58.6,35.2
Sugarcane,Flowering,3.5,156.7,0.0,51.8
Maize,Flowering,3.59,89.5,0.0,35.8
Groundnut,Yielding,3.04,0.0,0.0,0.0
Sugarcane,Flowering,4.23,188.3,0.0,64.4
Groundnut,Flowering,1.42,0.0,0.0,14.4
Maize,Vegetative,4.43,109.7,66.3,43.4
Cotton,Yielding,4.94,58.5,0.0,29.9
Maize,Vegetative,3.18,79.3,47.0,31.6
Cotton,Vegetative,3.11,50.4,37.8,37.6
Rice,Yielding,3.75,44.5,0.0,0.0
Maize,Yielding,3.25,0.0,0.0,0.0
Rice,Flowering,1.66,19.9,0.0,16.9
Rice,Yielding,1.0,12.2,0.0,0.0
Sugarcane,Flowering,1.26,56.8,0.0,18.7
Cotton,Yielding,2.0,24.5,0.0,11.8
Maize,Flowering,1.58,38.8,0.0,15.8
Rice,Yielding,2.62,30.8,0.0,0.0
Sugarcane,Vegetative,4.69,212.1,115.6,71.1
Rice,Flowering,2.83,33.3,0.0,28.9
Maize,Vegetative,1.33,33.9,20.2,13.5
Rice,Vegetative,2.12,51.9,41.8,21.2
Groundnut,Vegetative,0.74,3.0,10.4,14.6
Sugarcane,Flowering,4.19,186.3,0.0,61.7
Cotton,Vegetative,1.98,32.2,24.0,23.9
Groundnut,Yielding,0.62,0.0,0.0,0.0
Groundnut,Vegetative,2.16,8.6,29.7,43.9
Rice,Flowering,4.66,56.9,0.0,46.6
Groundnut,Vegetative,0.6,2.4,8.4,12.2
Maize,Vegetative,1.27,31.3,19.0,12.9
Maize,Yielding,2.62,0.0,0.0,0.0
Maize,Flowering,2.9,71.1,0.0,29.5
Sugarcane,Vegetative,3.62,162.5,89.9,54.7
Cotton,Yielding,2.71,32.5,0.0,16.2
Cotton,Flowering,1.06,12.5,0.0,6.3
Rice,Vegetative,4.66,110.7,93.2,46.2
Maize,Vegetative,4.15,104.9,61.9,42.1
Cotton,Flowering,4.96,59.9,0.0,29.5
Maize,Yielding,2.48,0.0,0.0,0.0
Maize,Flowering,1.62,40.2,0.0,16.3
Maize,Yielding,1.15,0.0,0.0,0.0
Groundnut,Yielding,3.18,0.0,0.0,0.0
Maize,Vegetative,1.5,37.2,22.4,15.3
Rice,Yielding,3.23,38.5,0.0,0.0
Cotton,Flowering,1.89,22.8,0.0,11.3
Maize,Flowering,2.97,72.9,0.0,29.1
Cotton,Yielding,4.86,58.4,0.0,28.9
Groundnut,Flowering,2.98,0.0,0.0,30.2
Rice,Vegetative,3.4,80.9,68.5,34.5
Sugarcane,Vegetative,0.67,30.0,16.6,10.2
Sugarcane,Vegetative,4.27,191.0,105.8,65.1
Maize,Flowering,3.74,93.0,0.0,38.0
Groundnut,Yielding,1.74,0.0,0.0,0.0
Cotton,Vegetative,0.85,13.6,10.1,10.2
Sugarcane,Yielding,2.12,42.3,0.0,32.4
Sugarcane,Flowering,2.92,133.7,0.0,44.5
Cotton,Flowering,4.0,47.6,0.0,24.4
Sugarcane,Vegetative,2.61,119.4,64.6,39.5
Maize,Vegetative,3.38,83.0,50.7,33.3
Sugarcane,Flowering,2.88,127.5,0.0,43.3
Rice,Vegetative,2.61,62.6,52.6,26.6
Rice,Yielding,4.33,52.3,0.0,0.0
Rice,Yielding,0.87,10.4,0.0,0.0
Maize,Flowering,4.26,106.7,0.0,42.5
Sugarcane,Flowering,4.51,203.4,0.0,68.0
Rice,Vegetative,1.13,27.0,22.9,11.5
Rice,Vegetative,1.83,43.1,36.1,18.6
Rice,Flowering,3.31,39.9,0.0,33.3
Maize,Vegetative,4.19,106.6,62.6,42.7
Rice,Yielding,3.87,47.1,0.0,0.0
Maize,Flowering,5.0,125.4,0.0,49.8
Sugarcane,Yielding,1.12,22.6,0.0,16.9
Maize,Flowering,0.67,16.6,0.0,6.6
Maize,Yielding,4.01,0.0,0.0,0.0
Sugarcane,Vegetative,2.23,100.7,55.0,33.3
Cotton,Yielding,3.87,46.4,0.0,23.4
Maize,Vegetative,3.1,76.3,46.9,31.0
Groundnut,Flowering,3.93,0.0,0.0,38.7
Rice,Flowering,2.37,28.8,0.0,23.8
Cotton,Vegetative,2.04,32.7,24.9,24.4
Groundnut,Yielding,0.94,0.0,0.0,0.0
Cotton,Flowering,3.93,47.8,0.0,23.6
Rice,Yielding,4.41,53.1,0.0,0.0
Maize,Yielding,3.36,0.0,0.0,0.0
Cotton,Vegetative,1.1,17.6,13.1,13.1
Maize,Vegetative,0.89,22.4,13.2,8.8
Groundnut,Flowering,2.56,0.0,0.0,25.2
Cotton,Yielding,3.97,47.4,0.0,24.0
Sugarcane,Flowering,0.66,29.4,0.0,9.7
Sugarcane,Flowering,1.12,51.2,0.0,16.9
Maize,Vegetative,3.85,96.0,58.8,38.9
Cotton,Flowering,1.93,23.4,0.0,11.7
Groundnut,Vegetative,0.95,3.8,13.6,19.2
Sugarcane,Vegetative,2.53,113.8,63.2,37.5
Maize,Vegetative,0.67,16.5,9.9,6.8
Maize,Yielding,3.12,0.0,0.0,0.0
Groundnut,Flowering,1.9,0.0,0.0,18.8
Cotton,Yielding,1.44,17.5,0.0,8.6
Rice,Vegetative,2.4,57.9,48.0,24.0
Cotton,Flowering,1.01,12.1,0.0,6.1
Groundnut,Flowering,3.21,0.0,0.0,32.0
Sugarcane,Vegetative,3.4,151.5,83.7,50.8
Sugarcane,Yielding,4.16,83.7,0.0,61.5
Cotton,Flowering,4.66,54.9,0.0,28.2
Sugarcane,Flowering,1.1,48.7,0.0,16.4
Sugarcane,Flowering,2.29,103.6,0.0,33.9
Sugarcane,Vegetative,2.09,94.5,52.0,31.6
Maize,Flowering,1.5,36.9,0.0,15.1
Maize,Flowering,1.58,39.9,0.0,16.0
Rice,Yielding,1.85,22.4,0.0,0.0
Groundnut,Flowering,2.46,0.0,0.0,24.5
Maize,Flowering,3.31,82.5,0.0,32.9
Groundnut,Flowering,4.46,0.0,0.0,44.3
Maize,Yielding,4.0,0.0,0.0,0.0
Maize,Yielding,1.33,0.0,0.0,0.0
Groundnut,Vegetative,3.11,12.4,42.8,62.2
Groundnut,Vegetative,4.9,19.6,68.8,96.2
Groundnut,Flowering,2.5,0.0,0.0,24.8
Groundnut,Flowering,1.47,0.0,0.0,14.8
Rice,Yielding,2.33,28.3,0.0,0.0
Cotton,Flowering,2.95,35.3,0.0,17.4
Sugarcane,Vegetative,2.57,114.7,64.5,38.8
Sugarcane,Yielding,4.25,84.0,0.0,62.8
Sugarcane,Vegetative,3.54,158.0,89.6,53.4
Rice,Flowering,1.55,18.9,0.0,15.7
Rice,Vegetative,4.13,97.4,82.3,42.0
Cotton,Flowering,3.33,40.2,0.0,19.7
Sugarcane,Flowering,2.87,130.1,0.0,42.7
Maize,Vegetative,2.34,59.5,35.7,23.8
Groundnut,Yielding,3.66,0.0,0.0,0.0
Rice,Yielding,3.29,39.8,0.0,0.0
Rice,Yielding,1.91,22.6,0.0,0.0
Groundnut,Flowering,1.92,0.0,0.0,18.9
Cotton,Vegetative,4.14,66.7,49.5,48.8
Cotton,Vegetative,4.25,69.1,51.0,51.1
Rice,Yielding,2.37,28.1,0.0,0.0
Rice,Vegetative,3.89,92.3,78.8,38.7
Cotton,Flowering,1.87,22.6,0.0,11.2
Sugarcane,Vegetative,1.51,67.4,37.2,22.8
Cotton,Vegetative,2.17,34.6,26.3,25.7
Cotton,Yielding,0.77,9.2,0.0,4.6
Groundnut,Yielding,4.23,0.0,0.0,0.0
Maize,Flowering,3.53,86.9,0.0,35.2
Cotton,Vegetative,4.01,64.4,47.9,48.1
Rice,Flowering,3.58,43.1,0.0,35.4
Rice,Flowering,3.09,37.3,0.0,31.1
Rice,Vegetative,0.87,20.6,17.1,8.9
Groundnut,Vegetative,3.4,13.9,47.2,67.6
Sugarcane,Flowering,1.87,82.6,0.0,27.7
Rice,Flowering,4.58,53.9,0.0,45.7
Sugarcane,Flowering,1.99,91.1,0.0,30.4
Cotton,Yielding,2.84,33.8,0.0,16.9
Sugarcane,Vegetative,3.59,161.0,90.3,54.1
Maize,Vegetative,3.95,97.4,59.4,39.4
Sugarcane,Vegetative,1.4,64.2,35.2,20.7
Groundnut,Flowering,4.88,0.0,0.0,49.7
Rice,Vegetative,3.98,95.9,81.0,40.3
Groundnut,Vegetative,2.88,11.6,40.6,57.3
Cotton,Vegetative,4.95,79.8,60.4,58.4
Maize,Flowering,3.33,84.6,0.0,32.6
Maize,Vegetative,2.01,50.2,30.2,20.3
Maize,Flowering,1.09,27.5,0.0,11.0
Maize,Vegetative,2.19,54.7,33.0,22.2
Sugarcane,Yielding,1.92,38.4,0.0,29.3
Rice,Flowering,1.19,14.1,0.0,11.8
Maize,Yielding,4.43,0.0,0.0,0.0
Maize,Vegetative,1.9,48.2,28.5,19.3
Groundnut,Vegetative,0.78,3.1,10.9,15.7
Groundnut,Yielding,3.35,0.0,0.0,0.0
Groundnut,Flowering,1.4,0.0,0.0,13.9
Sugarcane,Vegetative,2.54,115.8,62.3,38.4
Rice,Yielding,2.03,24.6,0.0,0.0
Maize,Yielding,3.61,0.0,0.0,0.0
Groundnut,Yielding,1.25,0.0,0.0,0.0
Sugarcane,Flowering,3.82,171.1,0.0,56.4
Maize,Flowering,1.9,47.0,0.0,18.9
Groundnut,Vegetative,1.07,4.2,15.1,21.2
Sugarcane,Vegetative,2.28,103.1,56.7,34.5
Rice,Flowering,2.1,25.3,0.0,21.0
Cotton,Vegetative,2.38,38.5,28.9,28.6
Rice,Vegetative,4.76,115.2,95.7,47.9
Rice,Vegetative,1.48,35.6,30.1,15.0
Sugarcane,Flowering,4.83,221.3,0.0,71.9
Rice,Vegetative,2.53,60.1,51.5,25.5
Sugarcane,Yielding,3.69,73.2,0.0,55.2
Sugarcane,Flowering,1.62,73.6,0.0,24.3
Maize,Flowering,4.11,103.9,0.0,41.0
Rice,Flowering,2.46,29.1,0.0,24.6
Rice,Flowering,3.84,46.0,0.0,37.8
Maize,Yielding,0.89,0.0,0.0,0.0
Sugarcane,Vegetative,1.56,69.0,38.9,23.2
Cotton,Flowering,3.51,43.0,0.0,21.4
Rice,Vegetative,3.4,81.1,67.5,33.4
Cotton,Flowering,1.2,14.4,0.0,7.3
Groundnut,Yielding,1.34,0.0,0.0,0.0
Cotton,Vegetative,4.67,75.6,56.3,56.7
Rice,Vegetative,1.44,34.5,28.8,14.4
Cotton,Yielding,0.54,6.4,0.0,3.3
Rice,Vegetative,4.27,102.5,84.2,43.2
Groundnut,Flowering,4.97,0.0,0.0,50.3
Groundnut,Yielding,4.68,0.0,0.0,0.0
Groundnut,Vegetative,0.87,3.4,12.1,17.6
Cotton,Vegetative,1.31,21.3,15.8,15.6
Groundnut,Flowering,3.98,0.0,0.0,39.4
Sugarcane,Yielding,1.12,22.8,0.0,16.7
Maize,Flowering,4.93,123.3,0.0,50.2
Sugarcane,Vegetative,1.9,86.3,47.3,28.7
Cotton,Flowering,2.32,28.1,0.0,14.1
Maize,Yielding,2.0,0.0,0.0,0.0
Groundnut,Flowering,1.94,0.0,0.0,19.6
Maize,Vegetative,3.62,89.6,55.1,36.1
Cotton,Flowering,4.29,51.3,0.0,25.5
Rice,Vegetative,2.61,61.4,51.3,25.6
Sugarcane,Vegetative,4.62,205.0,114.0,68.4
Rice,Vegetative,4.61,109.0,93.8,45.6
Rice,Yielding,1.23,14.7,0.0,0.0
Groundnut,Flowering,4.74,0.0,0.0,47.9
Maize,Vegetative,1.07,27.1,16.4,10.5
Maize,Vegetative,1.64,40.7,24.9,16.5
Maize,Vegetative,4.2,104.7,64.1,42.6
Sugarcane,Yielding,2.39,48.7,0.0,35.6
Sugarcane,Yielding,2.88,58.0,0.0,43.2
Groundnut,Vegetative,3.8,15.3,52.1,76.2
Groundnut,Vegetative,2.72,11.0,38.3,53.7
Maize,Flowering,2.18,53.9,0.0,21.8
Cotton,Flowering,0.91,11.0,0.0,5.5
Groundnut,Flowering,2.78,0.0,0.0,27.9
Rice,Flowering,1.87,22.5,0.0,18.7
Rice,Yielding,3.9,46.3,0.0,0.0
Maize,Yielding,1.97,0.0,0.0,0.0
Maize,Flowering,2.92,74.4,0.0,29.1
Rice,Vegetative,1.16,27.8,23.3,11.7
Maize,Vegetative,1.8,45.4,27.3,17.9
Sugarcane,Vegetative,2.29,102.3,56.6,34.8
Sugarcane,Yielding,3.07,61.9,0.0,45.9
Cotton,Vegetative,2.84,45.0,33.5,34.8
Groundnut,Yielding,2.62,0.0,0.0,0.0
Maize,Flowering,1.54,38.3,0.0,15.1
Sugarcane,Yielding,2.2,43.8,0.0,33.1
Rice,Yielding,3.75,44.4,0.0,0.0
Groundnut,Vegetative,0.59,2.3,8.1,11.8
Maize,Flowering,2.32,58.7,0.0,22.8
Groundnut,Flowering,3.13,0.0,0.0,31.4
Sugarcane,Vegetative,1.06,48.4,26.0,15.9
Cotton,Flowering,1.48,18.1,0.0,9.0
Groundnut,Flowering,0.67,0.0,0.0,6.8
Cotton,Yielding,3.89,46.0,0.0,23.2
Rice,Yielding,2.34,28.5,0.0,0.0
Cotton,Vegetative,4.11,64.6,49.7,49.1
Cotton,Vegetative,1.66,26.8,19.8,19.8
Groundnut,Yielding,1.95,0.0,0.0,0.0
Maize,Flowering,2.51,63.1,0.0,25.1
Cotton,Yielding,1.04,12.6,0.0,6.1
Cotton,Flowering,2.49,29.7,0.0,15.2
Cotton,Flowering,4.98,58.8,0.0,29.6
Rice,Flowering,3.42,40.3,0.0,33.7
Sugarcane,Flowering,2.41,110.3,0.0,36.0
Groundnut,Flowering,0.55,0.0,0.0,5.4
Sugarcane,Vegetative,4.66,206.2,117.5,69.0
Maize,Vegetative,3.59,88.6,54.8,36.6
Maize,Flowering,3.04,77.0,0.0,30.0
Maize,Vegetative,2.24,55.4,33.8,22.2
Maize,Flowering,1.35,34.1,0.0,13.7
Sugarcane,Flowering,2.98,132.1,0.0,44.0
Cotton,Flowering,2.79,33.9,0.0,16.7
Rice,Yielding,0.68,8.2,0.0,0.0
Cotton,Flowering,4.67,55.7,0.0,27.6
Groundnut,Vegetative,0.91,3.6,12.6,18.0
Rice,Flowering,2.19,26.1,0.0,22.0
Maize,Yielding,2.21,0.0,0.0,0.0
Rice,Yielding,1.36,16.6,0.0,0.0
Cotton,Vegetative,3.88,61.9,46.2,46.2
Sugarcane,Yielding,2.63,52.2,0.0,39.9
Maize,Flowering,2.68,66.6,0.0,26.6
Rice,Vegetative,1.76,43.0,35.5,17.6
Rice,Flowering,4.87,57.8,0.0,48.7
Rice,Vegetative,4.25,100.4,86.2,42.8
Groundnut,Yielding,2.51,0.0,0.0,0.0
Rice,Flowering,3.92,46.6,0.0,39.3
Groundnut,Flowering,2.51,0.0,0.0,25.4
Maize,Flowering,0.72,17.7,0.0,7.3
Cotton,Yielding,3.47,42.4,0.0,21.2
Sugarcane,Vegetative,4.89,217.5,124.2,74.2
Maize,Flowering,3.61,89.9,0.0,35.7
Maize,Yielding,1.95,0.0,0.0,0.0
Sugarcane,Vegetative,3.77,168.7,95.3,56.8
Sugarcane,Vegetative,0.66,29.2,16.3,9.9
Groundnut,Yielding,4.74,0.0,0.0,0.0
Rice,Vegetative,4.91,116.6,99.6,49.2
Rice,Yielding,3.41,41.4,0.0,0.0
Cotton,Vegetative,3.73,58.8,45.3,44.0
Rice,Flowering,1.27,15.3,0.0,12.5
Groundnut,Flowering,0.89,0.0,0.0,9.1
Rice,Vegetative,2.49,61.0,50.7,24.5
Rice,Vegetative,2.0,48.8,39.9,19.9
Rice,Vegetative,3.71,88.7,72.9,37.3
Maize,Vegetative,4.26,108.3,63.3,42.4
Sugarcane,Vegetative,1.26,57.1,31.3,18.7
Cotton,Flowering,1.95,23.5,0.0,11.9
Cotton,Flowering,4.96,59.2,0.0,30.2
Cotton,Yielding,1.36,16.4,0.0,8.0
Cotton,Flowering,2.49,29.5,0.0,14.9
Sugarcane,Vegetative,2.73,123.9,69.0,41.8
Maize,Flowering,1.19,30.2,0.0,11.8
Rice,Vegetative,1.28,30.3,25.6,12.9
Groundnut,Flowering,3.46,0.0,0.0,35.2
Cotton,Yielding,2.99,36.2,0.0,18.1
Groundnut,Yielding,2.18,0.0,0.0,0.0
Rice,Vegetative,4.0,95.9,79.4,40.1
Sugarcane,Vegetative,1.72,75.9,42.4,25.7
Maize,Vegetative,1.36,34.4,20.6,13.8
Rice,Vegetative,4.68,111.0,93.0,46.8
Cotton,Vegetative,2.15,33.8,26.0,25.6
Cotton,Vegetative,1.09,17.2,13.0,13.3
Maize,Flowering,1.7,42.4,0.0,17.3
Groundnut,Yielding,4.93,0.0,0.0,0.0
Groundnut,Vegetative,2.69,10.7,37.5,54.7
Groundnut,Yielding,2.78,0.0,0.0,0.0
Cotton,Flowering,2.13,25.4,0.0,12.5
Sugarcane,Yielding,1.02,20.0,0.0,15.3
Sugarcane,Yielding,3.98,81.1,0.0,60.0
Cotton,Yielding,3.48,41.7,0.0,21.0
Rice,Vegetative,1.34,31.9,27.1,13.5
Maize,Flowering,1.98,49.8,0.0,19.8
Cotton,Vegetative,4.14,67.1,50.2,50.3
Sugarcane,Yielding,2.04,41.2,0.0,30.5
Cotton,Yielding,4.51,54.2,0.0,27.3
Maize,Vegetative,4.73,120.3,71.9,47.6
Groundnut,Flowering,1.58,0.0,0.0,15.9
Sugarcane,Flowering,2.85,127.9,0.0,42.4
Maize,Yielding,0.91,0.0,0.0,0.0
Groundnut,Flowering,1.92,0.0,0.0,19.4
Sugarcane,Flowering,3.08,140.1,0.0,46.0
Sugarcane,Vegetative,1.19,52.9,29.2,17.7
Maize,Vegetative,2.09,52.2,31.4,20.6
Cotton,Vegetative,0.68,10.9,8.2,8.2
Sugarcane,Yielding,4.15,83.7,0.0,61.4
Groundnut,Flowering,3.02,0.0,0.0,30.5
Maize,Flowering,3.47,87.6,0.0,34.0
Cotton,Vegetative,3.11,50.4,37.6,37.6
Groundnut,Flowering,2.12,0.0,0.0,21.4
Rice,Yielding,4.12,50.2,0.0,0.0
Rice,Vegetative,2.03,48.5,40.5,20.5
Groundnut,Vegetative,3.14,12.7,44.7,62.4
Maize,Flowering,4.07,101.2,0.0,41.4
Cotton,Flowering,1.89,23.1,0.0,11.3
Sugarcane,Vegetative,4.01,181.0,100.0,59.7
Cotton,Vegetative,1.38,22.2,16.6,16.5
Maize,Vegetative,2.64,66.2,40.1,26.6
Rice,Flowering,1.25,15.0,0.0,12.4
Sugarcane,Yielding,3.4,66.8,0.0,51.2
Maize,Yielding,0.58,0.0,0.0,0.0
Groundnut,Vegetative,3.19,12.8,44.6,64.1
Groundnut,Yielding,4.05,0.0,0.0,0.0
Rice,Vegetative,1.56,37.2,31.1,15.9
Maize,Yielding,0.58,0.0,0.0,0.0
Sugarcane,Vegetative,3.01,134.9,76.0,45.9
Groundnut,Vegetative,2.24,9.0,31.1,44.6
Maize,Vegetative,3.83,97.2,57.2,37.6
Cotton,Vegetative,3.82,61.3,46.3,45.0
Maize,Vegetative,3.7,91.0,55.9,36.3
Rice,Yielding,4.62,56.5,0.0,0.0
Sugarcane,Flowering,3.65,162.5,0.0,54.9
Maize,Flowering,2.43,60.4,0.0,24.3
Groundnut,Vegetative,1.45,5.7,19.9,29.0
Rice,Flowering,0.74,9.0,0.0,7.3
Cotton,Flowering,0.96,11.7,0.0,5.7
Maize,Yielding,0.91,0.0,0.0,0.0
Cotton,Flowering,0.62,7.4,0.0,3.7
Rice,Vegetative,1.79,43.4,35.5,18.0
Maize,Flowering,2.37,59.5,0.0,24.1
Cotton,Vegetative,3.75,59.2,44.7,44.3
Groundnut,Vegetative,1.97,8.0,27.8,38.9
Maize,Yielding,0.77,0.0,0.0,0.0
Sugarcane,Yielding,2.28,45.0,0.0,34.6
Groundnut,Vegetative,1.16,4.6,16.2,23.5
Sugarcane,Vegetative,3.81,174.5,97.1,57.7
Groundnut,Vegetative,1.6,6.3,22.8,31.6
Sugarcane,Flowering,1.7,75.9,0.0,25.5
Rice,Vegetative,3.6,87.0,70.6,36.4
Rice,Flowering,4.9,59.4,0.0,49.0
Maize,Vegetative,3.85,96.7,57.8,38.3
Groundnut,Flowering,0.68,0.0,0.0,6.9
Cotton,Vegetative,2.84,46.3,33.6,34.7
Groundnut,Yielding,1.26,0.0,0.0,0.0
Sugarcane,Flowering,1.16,52.2,0.0,17.4
Rice,Yielding,2.04,24.4,0.0,0.0
Rice,Flowering,0.89,10.7,0.0,8.8
Rice,Vegetative,4.64,109.2,92.8,47.2
Rice,Yielding,3.93,47.2,0.0,0.0
Rice,Yielding,4.04,48.4,0.0,0.0
Groundnut,Yielding,1.38,0.0,0.0,0.0
Maize,Yielding,0.52,0.0,0.0,0.0
Rice,Flowering,2.45,30.0,0.0,24.5
Groundnut,Flowering,0.51,0.0,0.0,5.1
Sugarcane,Vegetative,3.43,153.3,84.9,51.6
Cotton,Vegetative,4.04,65.2,48.9,48.2
Cotton,Flowering,2.56,30.5,0.0,15.2
Rice,Flowering,3.62,43.8,0.0,35.6
Sugarcane,Vegetative,0.61,27.5,15.3,9.1
Cotton,Vegetative,1.4,22.4,16.6,17.0
Cotton,Flowering,3.21,39.3,0.0,18.9
Rice,Vegetative,0.69,16.5,13.8,6.8
Rice,Vegetative,4.88,118.0,97.5,48.6
Sugarcane,Flowering,4.03,181.8,0.0,59.9
Rice,Flowering,2.56,31.1,0.0,25.9
Sugarcane,Yielding,3.05,61.3,0.0,44.9
Rice,Vegetative,2.7,64.4,53.5,27.5
Maize,Vegetative,2.09,52.0,30.9,21.2
Sugarcane,Yielding,1.38,27.8,0.0,20.8
Sugarcane,Flowering,3.71,164.9,0.0,56.0
Cotton,Vegetative,4.73,75.5,56.8,56.7
Rice,Yielding,2.3,27.5,0.0,0.0
Groundnut,Vegetative,1.43,5.8,20.3,28.7
Rice,Vegetative,3.66,88.3,72.8,37.3
Rice,Flowering,3.0,35.8,0.0,29.5
Groundnut,Yielding,2.41,0.0,0.0,0.0
Rice,Yielding,1.04,12.6,0.0,0.0
Maize,Flowering,3.04,76.9,0.0,30.6
Groundnut,Yielding,3.15,0.0,0.0,0.0
Sugarcane,Yielding,2.83,56.2,0.0,43.2
Rice,Vegetative,4.5,109.9,89.8,44.8
Groundnut,Flowering,3.38,0.0,0.0,34.2
Rice,Vegetative,1.67,39.9,33.0,16.4
Cotton,Vegetative,2.89,46.7,34.5,34.4
Sugarcane,Vegetative,3.31,150.4,82.6,49.4
Maize,Vegetative,4.01,102.3,60.6,40.7
Maize,Yielding,1.87,0.0,0.0,0.0
Maize,Yielding,3.54,0.0,0.0,0.0
Groundnut,Flowering,3.71,0.0,0.0,37.0
Maize,Vegetative,2.18,55.2,32.8,22.1
Maize,Flowering,0.91,22.7,0.0,9.1
Groundnut,Yielding,4.95,0.0,0.0,0.0
Cotton,Vegetative,1.55,24.7,18.9,18.5
Groundnut,Vegetative,0.95,3.9,13.2,18.7
Maize,Flowering,4.8,121.7,0.0,48.5
Groundnut,Flowering,4.69,0.0,0.0,46.0
Cotton,Vegetative,1.4,22.4,16.9,17.0
Groundnut,Yielding,3.96,0.0,0.0,0.0
Cotton,Yielding,3.33,39.9,0.0,19.8
Sugarcane,Flowering,1.04,47.1,0.0,15.4
Sugarcane,Yielding,2.86,57.5,0.0,43.6
Rice,Flowering,3.49,41.6,0.0,34.8
Groundnut,Yielding,2.89,0.0,0.0,0.0
Maize,Flowering,1.28,32.0,0.0,13.0
Maize,Yielding,1.03,0.0,0.0,0.0
Cotton,Vegetative,2.33,38.0,28.4,28.4
Groundnut,Flowering,4.59,0.0,0.0,46.0
Sugarcane,Yielding,2.08,41.3,0.0,31.4
Groundnut,Flowering,4.9,0.0,0.0,48.2
Sugarcane,Flowering,3.41,151.3,0.0,51.0
Rice,Vegetative,4.34,103.2,85.9,43.1
Maize,Flowering,1.2,29.9,0.0,12.1
Groundnut,Vegetative,2.89,11.5,40.5,58.6
Rice,Flowering,2.46,29.1,0.0,24.8
Sugarcane,Flowering,3.64,161.9,0.0,54.0
Rice,Yielding,3.72,44.5,0.0,0.0
Cotton,Vegetative,3.21,50.6,38.8,38.5
Rice,Vegetative,1.47,35.4,29.9,14.5
Rice,Yielding,1.06,12.9,0.0,0.0
Maize,Flowering,2.82,69.8,0.0,28.7
Cotton,Yielding,0.52,6.2,0.0,3.1
Rice,Flowering,1.6,19.1,0.0,15.9
Rice,Yielding,2.47,29.3,0.0,0.0
Sugarcane,Yielding,4.58,91.6,0.0,69.0
Maize,Flowering,0.52,12.9,0.0,5.3
Groundnut,Vegetative,4.52,18.4,63.3,90.7
Sugarcane,Yielding,3.1,62.1,0.0,47.0
Sugarcane,Yielding,3.79,75.4,0.0,57.2
Maize,Yielding,1.94,0.0,0.0,0.0
Groundnut,Flowering,1.98,0.0,0.0,19.9
Cotton,Vegetative,2.26,36.7,27.0,27.5
Groundnut,Vegetative,2.55,10.2,35.0,50.2
Cotton,Flowering,4.82,57.8,0.0,28.6
Cotton,Flowering,4.3,51.7,0.0,26.1
Rice,Vegetative,4.77,113.4,95.7,47.1
Sugarcane,Yielding,2.66,52.2,0.0,39.3
Groundnut,Yielding,4.37,0.0,0.0,0.0
Cotton,Vegetative,2.98,47.7,35.8,36.2
Cotton,Yielding,2.14,25.9,0.0,12.7
Sugarcane,Flowering,0.55,25.2,0.0,8.2
Cotton,Yielding,1.19,14.5,0.0,7.0
Rice,Vegetative,3.32,80.3,67.4,33.6
Rice,Vegetative,4.67,110.8,94.7,46.9
Maize,Flowering,4.1,102.3,0.0,41.6
Rice,Vegetative,0.81,19.8,16.4,8.0
Groundnut,Vegetative,3.22,12.8,45.7,63.9
Rice,Yielding,1.39,17.0,0.0,0.0
Groundnut,Yielding,2.2,0.0,0.0,0.0
Maize,Vegetative,4.7,118.4,70.8,46.2
Sugarcane,Vegetative,1.13,51.7,28.7,16.9
Groundnut,Flowering,3.13,0.0,0.0,31.0
Maize,Flowering,3.3,81.3,0.0,32.8
Rice,Flowering,1.81,21.7,0.0,17.8
Maize,Yielding,2.35,0.0,0.0,0.0
Cotton,Vegetative,3.04,47.7,36.7,36.3
Groundnut,Vegetative,3.07,12.4,42.2,61.4
Maize,Yielding,0.56,0.0,0.0,0.0
Groundnut,Flowering,0.64,0.0,0.0,6.3
Sugarcane,Vegetative,3.29,147.9,80.6,49.2
Cotton,Vegetative,3.67,58.0,43.5,43.4
Rice,Yielding,1.75,21.1,0.0,0.0
Cotton,Yielding,1.31,15.4,0.0,8.0
Groundnut,Yielding,3.7,0.0,0.0,0.0
Cotton,Vegetative,1.97,32.0,23.8,23.7
Rice,Yielding,1.41,16.6,0.0,0.0
Sugarcane,Yielding,3.16,62.5,0.0,47.6
Rice,Vegetative,2.39,57.5,47.1,24.3
Cotton,Vegetative,2.21,35.5,26.5,26.4
Rice,Yielding,4.73,57.4,0.0,0.0
Rice,Yielding,4.36,51.4,0.0,0.0
Sugarcane,Yielding,0.82,16.6,0.0,12.4
Sugarcane,Yielding,2.84,56.3,0.0,43.4
Groundnut,Yielding,1.26,0.0,0.0,0.0
Rice,Yielding,2.9,34.7,0.0,0.0
Sugarcane,Vegetative,3.96,180.7,97.1,60.5
Rice,Yielding,2.93,34.6,0.0,0.0
Sugarcane,Vegetative,1.77,80.4,44.1,26.8
Groundnut,Flowering,2.62,0.0,0.0,25.7
Sugarcane,Yielding,0.56,11.3,0.0,8.3
Cotton,Flowering,4.32,52.0,0.0,25.6
Maize,Flowering,3.77,93.0,0.0,38.3
Rice,Yielding,0.74,9.0,0.0,0.0
Groundnut,Yielding,4.08,0.0,0.0,0.0
Sugarcane,Vegetative,2.59,115.1,63.7,38.3
Groundnut,Yielding,1.59,0.0,0.0,0.0
Sugarcane,Yielding,4.32,86.8,0.0,64.6
Groundnut,Flowering,4.64,0.0,0.0,46.8
Maize,Vegetative,4.61,115.1,70.3,45.9
Maize,Yielding,2.54,0.0,0.0,0.0
Cotton,Vegetative,0.51,8.1,6.1,6.2
Rice,Yielding,3.05,36.8,0.0,0.0
Maize,Flowering,1.87,47.0,0.0,19.1
Groundnut,Yielding,1.84,0.0,0.0,0.0
Rice,Flowering,2.81,33.7,0.0,28.4
Maize,Vegetative,3.3,83.3,50.4,33.1
Rice,Yielding,4.62,56.0,0.0,0.0
Rice,Vegetative,4.24,100.4,86.5,41.9
Rice,Vegetative,3.81,90.6,75.3,38.7
Rice,Vegetative,4.69,114.3,93.2,47.6
Groundnut,Flowering,2.19,0.0,0.0,21.6
Groundnut,Yielding,3.06,0.0,0.0,0.0
Cotton,Flowering,4.28,51.0,0.0,26.1
Maize,Vegetative,1.47,37.0,22.2,14.5
Cotton,Vegetative,3.62,57.1,44.1,43.9
Rice,Flowering,4.49,54.1,0.0,44.5
Maize,Flowering,0.69,17.0,0.0,6.8
Groundnut,Vegetative,0.86,3.4,11.9,16.9
Cotton,Flowering,2.66,31.5,0.0,16.2
Maize,Flowering,1.99,48.8,0.0,19.9
Groundnut,Yielding,1.13,0.0,0.0,0.0
Sugarcane,Flowering,2.87,130.0,0.0,42.3
Maize,Vegetative,1.38,34.3,20.7,13.9
Sugarcane,Vegetative,2.4,106.6,59.1,36.3
Maize,Flowering,3.6,90.0,0.0,35.4
Sugarcane,Yielding,3.26,65.0,0.0,48.0
Maize,Flowering,1.64,40.6,0.0,16.7
Sugarcane,Flowering,0.82,37.6,0.0,12.5
Maize,Yielding,2.52,0.0,0.0,0.0
Cotton,Vegetative,0.52,8.3,6.1,6.1
Cotton,Flowering,2.56,31.2,0.0,15.6
Cotton,Yielding,1.84,21.6,0.0,10.9
Cotton,Vegetative,1.53,24.0,18.5,18.7
Maize,Flowering,1.55,38.6,0.0,15.3
Cotton,Flowering,3.83,46.0,0.0,22.7
Groundnut,Flowering,4.51,0.0,0.0,45.0
Maize,Yielding,1.46,0.0,0.0,0.0
Sugarcane,Vegetative,4.8,217.9,121.3,72.4
Sugarcane,Yielding,1.27,25.3,0.0,19.0
Cotton,Flowering,3.32,39.9,0.0,20.2
Groundnut,Flowering,4.06,0.0,0.0,40.6
Groundnut,Vegetative,1.43,5.7,19.7,28.3
Groundnut,Vegetative,4.4,17.9,62.0,88.9
Groundnut,Yielding,3.75,0.0,0.0,0.0
Rice,Flowering,2.85,33.6,0.0,28.5
Rice,Vegetative,3.95,96.0,77.6,39.6
Groundnut,Vegetative,3.53,13.9,49.1,71.4
Sugarcane,Yielding,1.62,32.0,0.0,24.2
Rice,Vegetative,2.68,64.3,53.6,26.3
Sugarcane,Yielding,1.84,36.5,0.0,27.9
Rice,Yielding,1.6,19.2,0.0,0.0
Rice,Flowering,1.06,12.8,0.0,10.7
Sugarcane,Vegetative,4.85,214.0,123.0,71.7
Groundnut,Yielding,2.19,0.0,0.0,0.0
Maize,Vegetative,3.91,95.8,58.8,38.7
Rice,Yielding,3.96,48.2,0.0,0.0
Cotton,Vegetative,4.68,74.3,56.8,56.4
Groundnut,Yielding,3.83,0.0,0.0,0.0
Rice,Flowering,3.65,43.9,0.0,37.0
Groundnut,Flowering,2.41,0.0,0.0,24.1
Sugarcane,Vegetative,0.72,32.2,17.8,10.7
Rice,Yielding,4.98,60.2,0.0,0.0
Rice,Yielding,1.43,17.0,0.0,0.0
Sugarcane,Flowering,1.07,48.7,0.0,16.0
Sugarcane,Yielding,0.74,14.7,0.0,11.3
Rice,Yielding,3.66,43.3,0.0,0.0
Maize,Vegetative,4.98,124.0,73.3,50.1
Sugarcane,Yielding,3.32,66.7,0.0,50.1
Groundnut,Flowering,2.35,0.0,0.0,23.4
Cotton,Flowering,2.14,25.2,0.0,12.9
Sugarcane,Yielding,2.01,39.8,0.0,30.7
Maize,Flowering,2.21,55.1,0.0,22.2
Groundnut,Flowering,1.95,0.0,0.0,19.6
Sugarcane,Yielding,1.39,28.2,0.0,20.7
Cotton,Flowering,1.38,16.7,0.0,8.4
Groundnut,Flowering,1.67,0.0,0.0,16.8
Maize,Vegetative,1.28,31.8,19.2,12.9
Groundnut,Vegetative,3.83,15.2,54.5,76.6
Groundnut,Flowering,1.44,0.0,0.0,14.2
Cotton,Yielding,2.27,27.3,0.0,13.5
Maize,Flowering,4.53,114.0,0.0,44.5
Rice,Vegetative,4.26,100.3,83.9,42.5
Groundnut,Vegetative,2.1,8.4,29.7,41.3
Sugarcane,Flowering,4.73,215.9,0.0,69.6
Cotton,Yielding,4.55,54.0,0.0,27.8
Groundnut,Vegetative,3.9,15.4,54.2,77.3
Maize,Yielding,2.47,0.0,0.0,0.0
Groundnut,Yielding,2.91,0.0,0.0,0.0
Maize,Flowering,1.48,37.5,0.0,14.8
Cotton,Yielding,2.31,27.6,0.0,14.1
Rice,Flowering,4.48,54.3,0.0,44.7
Sugarcane,Flowering,2.69,119.2,0.0,41.1
Rice,Vegetative,0.5,12.0,10.1,5.0
Maize,Yielding,4.69,0.0,0.0,0.0
Cotton,Vegetative,3.14,49.4,38.3,38.2
Rice,Flowering,4.32,52.5,0.0,43.0
Sugarcane,Vegetative,4.72,216.6,117.9,69.8
Rice,Vegetative,2.68,64.1,53.5,27.0
Groundnut,Vegetative,2.89,11.6,40.1,57.8
Cotton,Vegetative,1.97,31.0,23.6,24.1
Sugarcane,Flowering,2.51,115.1,0.0,37.7
Cotton,Yielding,2.4,29.2,0.0,14.2
Groundnut,Flowering,1.76,0.0,0.0,17.6
Cotton,Flowering,3.6,43.4,0.0,21.8
Maize,Flowering,3.86,96.4,0.0,39.3
Groundnut,Vegetative,2.16,8.6,30.3,43.2
Groundnut,Flowering,0.73,0.0,0.0,7.3
Groundnut,Vegetative,3.78,14.8,51.9,75.0
Groundnut,Yielding,4.74,0.0,0.0,0.0
Cotton,Yielding,4.0,48.2,0.0,24.1
Cotton,Vegetative,1.61,25.3,19.4,19.5
Rice,Vegetative,2.77,67.3,54.6,28.1
Maize,Yielding,0.64,0.0,0.0,0.0
Cotton,Vegetative,1.38,22.0,16.8,16.8
Groundnut,Vegetative,3.21,12.8,45.2,64.4
Groundnut,Flowering,2.29,0.0,0.0,22.7
Groundnut,Yielding,2.81,0.0,0.0,0.0
Cotton,Yielding,1.36,16.2,0.0,8.0
Rice,Vegetative,1.69,41.1,34.1,17.2
Cotton,Vegetative,4.57,74.3,54.5,55.5
Rice,Flowering,2.32,27.7,0.0,23.3
Maize,Flowering,1.93,47.5,0.0,19.2
Sugarcane,Yielding,2.09,41.9,0.0,31.7
Cotton,Flowering,2.35,28.5,0.0,13.8
Cotton,Vegetative,2.53,41.1,30.8,30.2
Sugarcane,Yielding,3.45,69.1,0.0,52.1
Sugarcane,Vegetative,3.03,137.9,76.1,44.6
Maize,Flowering,3.43,84.7,0.0,34.1
Groundnut,Vegetative,3.01,11.9,42.6,60.5
Maize,Yielding,0.53,0.0,0.0,0.0
Maize,Flowering,4.77,118.9,0.0,48.2
Groundnut,Vegetative,2.5,9.9,34.5,49.2
Sugarcane,Flowering,4.48,201.4,0.0,67.6
Maize,Yielding,4.94,0.0,0.0,0.0
Groundnut,Flowering,2.03,0.0,0.0,20.4
Rice,Vegetative,2.24,53.7,44.8,22.6
Cotton,Yielding,4.31,52.4,0.0,25.9
Sugarcane,Yielding,3.34,67.2,0.0,49.9
Maize,Vegetative,3.67,91.0,54.3,36.6
Maize,Yielding,3.42,0.0,0.0,0.0
Rice,Flowering,3.04,36.5,0.0,30.9
Cotton,Flowering,0.57,6.7,0.0,3.4
Maize,Yielding,1.46,0.0,0.0,0.0
Maize,Vegetative,1.06,26.6,15.7,10.5
Groundnut,Vegetative,4.73,19.0,66.2,94.8
Groundnut,Yielding,4.96,0.0,0.0,0.0
Cotton,Vegetative,3.32,52.7,39.5,40.2
Sugarcane,Flowering,0.84,37.6,0.0,12.4
Maize,Yielding,2.46,0.0,0.0,0.0
Rice,Yielding,1.96,23.1,0.0,0.0
Cotton,Yielding,3.85,46.7,0.0,23.5
Cotton,Flowering,1.71,20.1,0.0,10.3
Groundnut,Flowering,3.79,0.0,0.0,38.6
Groundnut,Yielding,2.54,0.0,0.0,0.0
Cotton,Flowering,4.54,54.2,0.0,27.7
Groundnut,Yielding,2.0,0.0,0.0,0.0
Maize,Flowering,0.9,22.9,0.0,9.1
Groundnut,Yielding,0.59,0.0,0.0,0.0
Cotton,Flowering,4.12,49.4,0.0,24.7
Rice,Yielding,0.97,11.4,0.0,0.0
Groundnut,Yielding,3.11,0.0,0.0,0.0
Maize,Vegetative,2.76,69.5,41.6,28.1
Rice,Vegetative,2.13,51.7,42.6,21.4
Rice,Flowering,1.39,16.9,0.0,13.7
Sugarcane,Vegetative,4.67,206.2,118.9,69.7
Maize,Vegetative,4.98,126.4,75.5,49.1
Maize,Flowering,3.3,83.4,0.0,32.5
Groundnut,Flowering,3.53,0.0,0.0,36.0
Groundnut,Yielding,2.45,0.0,0.0,0.0
Rice,Vegetative,2.38,57.9,46.9,24.1
Rice,Flowering,1.39,16.4,0.0,13.7
Sugarcane,Yielding,1.93,37.9,0.0,29.2
Cotton,Flowering,0.88,10.5,0.0,5.3
Groundnut,Vegetative,2.51,10.0,35.3,49.8
Rice,Yielding,4.95,59.5,0.0,0.0
Rice,Flowering,4.84,57.5,0.0,48.7
Cotton,Yielding,4.8,57.2,0.0,29.3
Sugarcane,Yielding,4.6,91.0,0.0,68.3
Maize,Yielding,3.22,0.0,0.0,0.0
Sugarcane,Vegetative,1.76,77.7,43.3,26.8
Maize,Vegetative,3.93,99.9,58.5,39.6
Maize,Vegetative,3.09,77.9,45.8,31.4
Rice,Flowering,1.27,15.5,0.0,12.5
Rice,Yielding,2.56,30.1,0.0,0.0
Sugarcane,Yielding,2.61,52.8,0.0,39.2
Maize,Vegetative,1.11,27.4,16.8,11.2
Groundnut,Flowering,2.81,0.0,0.0,28.6
Maize,Yielding,4.81,0.0,0.0,0.0
Maize,Vegetative,1.54,38.1,23.0,15.7
Maize,Yielding,3.12,0.0,0.0,0.0
Sugarcane,Vegetative,4.83,217.4,119.4,73.3
Rice,Flowering,0.66,7.8,0.0,6.6
Maize,Yielding,2.22,0.0,0.0,0.0
Groundnut,Flowering,1.54,0.0,0.0,15.2
Groundnut,Flowering,1.85,0.0,0.0,18.5
Groundnut,Yielding,2.56,0.0,0.0,0.0
Sugarcane,Flowering,4.79,215.7,0.0,71.9
Maize,Vegetative,4.99,123.7,76.1,49.1
Sugarcane,Flowering,1.03,45.8,0.0,15.6
Cotton,Vegetative,3.46,54.7,42.3,41.2
Cotton,Yielding,3.14,37.4,0.0,19.1
Cotton,Yielding,3.34,39.3,0.0,20.1
Sugarcane,Vegetative,1.25,57.1,31.3,18.6
Cotton,Yielding,1.26,15.1,0.0,7.4
Maize,Yielding,2.67,0.0,0.0,0.0
Maize,Flowering,4.79,118.6,0.0,48.3
Groundnut,Yielding,3.51,0.0,0.0,0.0
Sugarcane,Vegetative,4.25,188.9,108.3,63.2
Maize,Vegetative,2.58,63.8,39.0,25.4
Cotton,Yielding,2.42,28.6,0.0,14.6
Cotton,Flowering,2.22,26.6,0.0,13.2
Rice,Yielding,1.93,23.0,0.0,0.0
Cotton,Vegetative,3.17,51.4,38.2,37.3
Rice,Yielding,4.74,55.8,0.0,0.0
Cotton,Flowering,1.39,16.8,0.0,8.4
Cotton,Vegetative,2.55,41.1,30.8,30.4
Sugarcane,Yielding,2.83,56.6,0.0,42.1
Cotton,Flowering,4.49,54.4,0.0,27.1
Sugarcane,Yielding,2.77,56.3,0.0,41.5
Cotton,Flowering,2.15,25.5,0.0,13.0
Groundnut,Vegetative,3.43,13.8,48.9,67.4
Groundnut,Flowering,4.46,0.0,0.0,44.3
Sugarcane,Flowering,3.92,179.9,0.0,59.0
Rice,Vegetative,1.13,27.1,22.8,11.3
Groundnut,Flowering,3.42,0.0,0.0,33.9
Rice,Flowering,4.66,56.6,0.0,45.8
Groundnut,Flowering,3.74,0.0,0.0,37.2
Groundnut,Yielding,3.68,0.0,0.0,0.0
Rice,Yielding,2.82,33.3,0.0,0.0
Groundnut,Yielding,1.17,0.0,0.0,0.0
Sugarcane,Vegetative,1.92,86.2,48.2,28.5
Maize,Flowering,2.73,68.7,0.0,27.8
Rice,Flowering,2.95,35.0,0.0,29.7
Rice,Flowering,4.33,51.2,0.0,43.4
Sugarcane,Vegetative,3.17,140.4,78.9,46.7
Maize,Vegetative,1.75,44.6,26.0,17.4
Rice,Vegetative,1.51,36.8,30.3,15.3
Maize,Flowering,3.61,88.6,0.0,36.0
Rice,Yielding,3.47,41.6,0.0,0.0
Groundnut,Flowering,0.6,0.0,0.0,5.9
Groundnut,Vegetative,3.33,13.5,45.8,65.9
Cotton,Flowering,1.13,13.7,0.0,6.7
Maize,Flowering,3.63,89.3,0.0,35.7
Groundnut,Flowering,0.98,0.0,0.0,9.9
Rice,Yielding,4.65,55.3,0.0,0.0
Cotton,Yielding,2.09,25.0,0.0,12.5
Maize,Vegetative,3.62,89.9,54.5,36.4
Cotton,Flowering,1.91,23.1,0.0,11.6
Cotton,Vegetative,3.41,55.0,41.3,40.1
Cotton,Flowering,0.61,7.2,0.0,3.6
Groundnut,Flowering,2.6,0.0,0.0,26.5
Groundnut,Flowering,2.32,0.0,0.0,22.8
Rice,Vegetative,1.43,34.1,29.1,14.3
Groundnut,Flowering,2.36,0.0,0.0,23.3
Maize,Vegetative,3.73,92.5,54.9,37.9
Cotton,Vegetative,1.28,20.8,15.6,15.4
Cotton,Yielding,1.75,21.0,0.0,10.4
Rice,Vegetative,0.75,17.7,15.0,7.6
Rice,Vegetative,0.92,21.9,18.7,9.1
Groundnut,Flowering,4.27,0.0,0.0,43.4
Sugarcane,Flowering,1.11,49.5,0.0,16.8
Groundnut,Yielding,4.07,0.0,0.0,0.0
Cotton,Vegetative,2.86,46.3,34.6,34.9
Cotton,Yielding,0.61,7.4,0.0,3.7
Sugarcane,Vegetative,2.24,102.5,55.1,33.2
Maize,Flowering,1.72,42.4,0.0,16.9
Cotton,Yielding,3.84,46.5,0.0,23.2
Sugarcane,Yielding,1.44,29.0,0.0,21.9
Groundnut,Flowering,2.4,0.0,0.0,24.5
Groundnut,Flowering,2.15,0.0,0.0,21.9
Rice,Vegetative,1.18,27.9,23.7,11.7
Groundnut,Vegetative,1.76,7.0,24.2,34.6
Rice,Yielding,4.04,48.0,0.0,0.0
Sugarcane,Vegetative,4.31,197.3,106.9,64.4
Maize,Yielding,4.3,0.0,0.0,0.0
